a_10a_early	1	1	11	0	us_aim9l_sidewinder_lm_default
a_10a_early	2	3	10	0	us_hydra_70_m247
a_10a_early	3	5	9	0	us_hydra_70_m247
a_10a_early	4	7	8	0	us_hydra_70_m247
a_10a_early	5	9	7	0	us_500lb_mk_82_ldgp
a_10a_early	7	10	5	0	us_500lb_mk_82_ldgp
a_10a_early	8	8	4	0	us_hydra_70_m247
a_10a_early	9	6	3	0	us_hydra_70_m247
a_10a_early	10	4	2	0	us_hydra_70_m247
a_10a_early	11	2	1	0	us_aim9l_sidewinder_rm_default
a_10a_late	1	1	11	0	us_aim9l_sidewinder_lm_default
a_10a_late	2	3	10	0	us_hydra_70_m247
a_10a_late	3	5	9	0	us_hydra_70_m247
a_10a_late	4	7	8	0	us_hydra_70_m247
a_10a_late	5	9	7	0	us_500lb_mk_82_ldgp
a_10a_late	7	10	5	0	us_500lb_mk_82_ldgp
a_10a_late	8	8	4	0	us_hydra_70_m247
a_10a_late	9	6	3	0	us_hydra_70_m247
a_10a_late	10	4	2	0	us_hydra_70_m247
a_10a_late	11	2	1	0	us_aim9l_sidewinder_rm_default
a_10c	1	1	11	0	aim9l_default_slot1
a_10c	2	3	10	0	hydra_70_x1_slot2
a_10c	3	5	9	0	hydra_70_x1_slot3
a_10c	4	7	8	0	hydra_70_x1_slot4
a_10c	5	9	7	0	500lbs_slot5
a_10c	7	10	5	0	500lbs_slot7
a_10c	8	8	4	0	hydra_70_x1_slot8
a_10c	9	6	3	0	hydra_70_x1_slot9
a_10c	10	4	2	0	hydra_70_x1_slot10
a_10c	11	2	1	0	aim9l_default_slot11
a_20g_30_ussr	1	1	9	0	fab_50
a_20g_30_ussr	2	3	8	0	fab_50
a_20g_30_ussr	3	5	7	0	fab_250_fuse
a_20g_30_ussr	4	7	6	0	fab_50_x4
a_20g_30_ussr	5	6	5	0	fab_250_fuse
a_20g_30_ussr	6	4	4	0	fab_50
a_20g_30_ussr	7	2	3	0	fab_50
a_4b	1	1	7	0	aim9b
a_4b	2	3	6	0	ffar
a_4b	3	2	5	0	aim9b
a_4e_early	1	1	9	0	ffar_x1
a_4e_early	2	3	8	0	aim9b
a_4e_early	3	5	6	0	ffar_central
a_4e_early	4	4	4	0	aim9b
a_4e_early	5	2	3	0	ffar_x1
a_4e_early_iaf	1	1	9	0	aim9b
a_4e_early_iaf	2	3	8	0	ffar_left_x2
a_4e_early_iaf	3	5	6	0	ffar_central
a_4e_early_iaf	4	4	4	0	ffar_right_x2
a_4e_early_iaf	5	2	3	0	aim9b
a_4e_late_iaf	1	1	9	0	aim9b
a_4e_late_iaf	2	3	8	0	ffar_left_x2
a_4e_late_iaf	3	5	6	0	ffar_central
a_4e_late_iaf	4	4	4	0	ffar_right_x2
a_4e_late_iaf	5	2	3	0	aim9b
a_4h	1	1	9	0	ffar_x1
a_4h	2	3	8	0	ffar_left_x2
a_4h	3	5	6	0	ffar_central
a_4h	4	4	4	0	ffar_right_x2
a_4h	5	2	3	0	ffar_x1
a_4n	1	1	9	0	shafrir2_default
a_4n	2	3	8	0	shafrir2
a_4n	3	5	6	0	ffar_central
a_4n	4	4	4	0	shafrir2
a_4n	5	2	3	0	shafrir2_default
a_5c	1	1	9	0	r550_magic
a_5c	2	3	8	0	hf7_pylon
a_5c	3	5	7	0	hf7
a_5c	4	7	6	0	gp250_x4
a_5c	5	6	5	0	hf7
a_5c	6	4	4	0	hf7_pylon
a_5c	7	1	3	0	r550_magic
a_6e_tram	1	3	8	0	us_aim_9g
a_6e_tram	2	5	7	0	us_aim_9g
a_6e_tram	3	7	6	0	us_gbu_12_slot3
a_6e_tram	4	6	5	0	us_aim_9g
a_6e_tram	5	4	4	0	us_aim_9g
a_7d	1	1	10	0	lau_3a
a_7d	2	3	9	0	lau_3a
a_7d	3	5	8	0	lau_3a
a_7d	4	7	7	0	aim_9e
a_7d	5	8	5	0	aim_9e
a_7d	6	6	4	0	lau_3a
a_7d	7	4	3	0	lau_3a
a_7d	8	2	2	0	lau_3a
a_7e	1	1	10	0	lau_3a_slot1
a_7e	2	3	9	0	lau_3a_slot2
a_7e	3	5	8	0	lau_3a_slot3
a_7e	4	7	7	0	aim_9d
a_7e	5	8	5	0	aim_9d
a_7e	6	6	4	0	lau_3a_slot6
a_7e	7	4	3	0	lau_3a_slot7
a_7e	8	2	2	0	lau_3a_slot8
a_7e_thailand	1	1	10	0	lau_3a_slot1
a_7e_thailand	2	3	9	0	lau_3a_slot2
a_7e_thailand	3	5	8	0	lau_3a_slot3
a_7e_thailand	4	7	7	0	aim_9d
a_7e_thailand	5	8	5	0	aim_9d
a_7e_thailand	6	6	4	0	lau_3a_slot6
a_7e_thailand	7	4	3	0	lau_3a_slot7
a_7e_thailand	8	2	2	0	lau_3a_slot8
a_7k	1	1	10	0	lau_3a
a_7k	2	3	9	0	lau_3a
a_7k	3	5	8	0	lau_3a
a_7k	4	7	7	0	aim_9j
a_7k	5	8	5	0	aim_9j
a_7k	6	6	4	0	lau_3a
a_7k	7	4	3	0	lau_3a
a_7k	8	2	2	0	lau_3a
a-26b	1	2	9	0	hvar_x7_left
a-26b	2	15	8	0	100lbs_wing_left_out
a-26b	3	17	7	0	100lbs_wing_left_in
a-26b	4	19	6	0	100lbs_int
a-26b	5	18	5	0	100lbs_wing_right_in
a-26b	6	16	4	0	100lbs_wing_right_out
a-26b	7	2	3	0	hvar_x7_right
a-26b_10	1	2	9	0	hvar_x7_left
a-26b_10	2	15	8	0	100lbs_wing_left_out
a-26b_10	3	17	7	0	100lbs_wing_left_in
a-26b_10	4	19	6	0	100lbs_int
a-26b_10	5	18	5	0	100lbs_wing_right_in
a-26b_10	6	16	4	0	100lbs_wing_right_out
a-26b_10	7	2	3	0	hvar_x7_right
a2d	1	1	14	0	hvar_slot1
a2d	2	3	13	0	hvar_slot2
a2d	3	5	12	0	hvar_slot3
a2d	4	7	11	0	hvar_slot4
a2d	5	9	10	0	hvar_slot5
a2d	6	11	9	0	1000lbs
a2d	7	13	8	0	hvar_slot7
a2d	8	15	7	0	1000lbs
a2d	9	14	6	0	hvar_slot9
a2d	10	12	5	0	1000lbs
a2d	11	10	4	0	hvar_slot11
a2d	12	8	3	0	hvar_slot12
a2d	13	6	2	0	hvar_slot13
a2d	14	4	1	0	hvar_slot14
a2d	15	2	0	0	hvar_slot15
a6m3_zero	1	1	7	0	type97mod6_60kg
a6m3_zero	3	2	5	0	type97mod6_60kg
alpha_jet_a	1	1	8	0	fr_250_samp_type_25
alpha_jet_a	2	3	7	0	fr_250_samp_type_25
alpha_jet_a	4	4	5	0	fr_250_samp_type_25
alpha_jet_a	5	2	4	0	fr_250_samp_type_25
alpha_jet_a_jabog41	1	1	8	0	fr_250_samp_type_25
alpha_jet_a_jabog41	2	3	7	0	fr_250_samp_type_25
alpha_jet_a_jabog41	4	4	5	0	fr_250_samp_type_25
alpha_jet_a_jabog41	5	2	4	0	fr_250_samp_type_25
alpha_jet_a_thailand	1	1	8	0	fr_250_samp_type_25
alpha_jet_a_thailand	2	3	7	0	fr_250_samp_type_25
alpha_jet_a_thailand	4	4	5	0	fr_250_samp_type_25
alpha_jet_a_thailand	5	2	4	0	fr_250_samp_type_25
alpha_jet_e	1	1	8	0	fr_250_samp_type_25
alpha_jet_e	2	3	7	0	fr_250_samp_type_25
alpha_jet_e	4	4	5	0	fr_250_samp_type_25
alpha_jet_e	5	2	4	0	fr_250_samp_type_25
alpha_jet_th_phase_1	1	1	8	0	aim_9p4_deafult
alpha_jet_th_phase_1	2	3	7	0	aim_9p4
alpha_jet_th_phase_1	4	4	5	0	aim_9p4
alpha_jet_th_phase_1	5	2	4	0	aim_9p4_deafult
am_1_mauler	1	1	14	0	us_250_anm57a1
am_1_mauler	2	3	13	0	us_250_anm57a1
am_1_mauler	3	5	12	0	us_250_anm57a1
am_1_mauler	4	7	11	0	us_250_anm57a1
am_1_mauler	5	9	10	0	us_250_anm57a1
am_1_mauler	6	11	9	0	us_250_anm57a1
am_1_mauler	7	13	8	0	us_250_anm57a1
am_1_mauler	8	15	7	0	us_500lb_anm64a1_center
am_1_mauler	9	14	6	0	us_250_anm57a1
am_1_mauler	10	12	5	0	us_250_anm57a1
am_1_mauler	11	10	4	0	us_250_anm57a1
am_1_mauler	12	8	3	0	us_250_anm57a1
am_1_mauler	13	6	2	0	us_250_anm57a1
am_1_mauler	14	4	1	0	us_250_anm57a1
am_1_mauler	15	2	0	0	us_250_anm57a1
amx	1	1	9	0	aim9l_default
amx	2	3	8	0	al_25
amx	3	5	7	0	al_25
amx	4	7	6	0	mk_82_fuse
amx	5	6	5	0	al_25
amx	6	4	4	0	al_25
amx	7	2	3	0	aim9l_default
amx_a_1a_brazil	1	1	9	0	maa_1_default
amx_a_1a_brazil	2	3	8	0	skyfire_7
amx_a_1a_brazil	3	5	7	0	skyfire_7
amx_a_1a_brazil	4	7	6	0	mk_82_fuse
amx_a_1a_brazil	5	6	5	0	skyfire_7
amx_a_1a_brazil	6	4	4	0	skyfire_7
amx_a_1a_brazil	7	2	3	0	maa_1_default
ar_2	1	1	7	0	fab100
ar_2	2	3	6	0	fab100_internal
ar_2	3	2	5	0	fab100
arado-234	2	3	7	0	sc250
arado-234	3	5	6	0	sc250_int
arado-234	4	4	5	0	sc250
arado-234c-3	1	1	7	0	sc250
arado-234c-3	2	5	6	0	sc250
arado-234c-3	3	2	5	0	sc250
av_8a	1	1	8	0	aim9g
av_8a	2	3	7	0	aero_6a
av_8a	3	5	6	0	250lbs
av_8a	4	4	5	0	aero_6a
av_8a	5	2	4	0	aim9g
av_8b_na	1	1	10	0	aim9l_default
av_8b_na	2	3	9	0	aim9l
av_8b_na	3	5	8	0	agm_65f
av_8b_na	4	7	7	0	gau_12
av_8b_na	5	9	6	0	ter_mk81_x2
av_8b_na	7	6	4	0	agm_65f
av_8b_na	8	4	3	0	aim9l
av_8b_na	9	2	2	0	aim9l_default
av_8b_plus	1	1	10	0	aim9l_default
av_8b_plus	2	3	9	0	aim9l
av_8b_plus	3	5	8	0	aim_120a
av_8b_plus	4	7	7	0	gau_12
av_8b_plus	5	9	6	0	ter_mk81_x2
av_8b_plus	7	6	4	0	aim_120a
av_8b_plus	8	4	3	0	aim9l
av_8b_plus	9	2	2	0	aim9l_default
av_8b_plus_italy	1	1	10	0	aim9l_default
av_8b_plus_italy	2	3	9	0	aim9l
av_8b_plus_italy	3	5	8	0	aim_120a
av_8b_plus_italy	4	7	7	0	gau_12
av_8b_plus_italy	5	9	6	0	ter_mk81_x2
av_8b_plus_italy	7	6	4	0	aim_120a
av_8b_plus_italy	8	4	3	0	aim9l
av_8b_plus_italy	9	2	2	0	aim9l_default
av_8c	1	1	8	0	aim9g
av_8c	2	3	7	0	aero_6a
av_8c	3	5	6	0	250lbs
av_8c	4	4	5	0	aero_6a
av_8c	5	2	4	0	aim9g
av_8s_late_thailand	1	1	8	0	aim9l_default
av_8s_late_thailand	2	3	7	0	aero_6a
av_8s_late_thailand	3	5	6	0	250lbs
av_8s_late_thailand	4	4	5	0	aero_6a
av_8s_late_thailand	5	2	4	0	aim9l_default
av_8s_thailand	1	1	8	0	aim9p
av_8s_thailand	2	3	7	0	aero_6a
av_8s_thailand	3	5	6	0	250lbs
av_8s_thailand	4	4	5	0	aero_6a
av_8s_thailand	5	2	4	0	aim9p
avenger_mk1	1	1	7	0	hvar_slot1
avenger_mk1	2	3	6	0	500lb
avenger_mk1	3	2	5	0	hvar_slot3
b_10b	1	1	7	0	500lb_slot1
b_10b	2	3	6	0	250lb_slot2
b_10b	3	2	5	0	500lb_slot3
b_48_firecrest	1	1	8	0	rp3_slot1
b_48_firecrest	2	3	7	0	500lb
b_48_firecrest	3	5	6	0	torpedo
b_48_firecrest	4	4	5	0	500lb
b_48_firecrest	5	2	4	0	rp3_slot5
b_52h	1	1	8	0	ibeam_mk82_x12
b_52h	2	3	7	0	clip_standard_mk82_x9
b_52h	3	4	6	0	clip_standard_mk82_x9
b_52h	4	5	5	0	clip_standard_mk82_x9
b_52h	5	2	4	0	ibeam_mk82_x12
b_66b	1	1	6	0	750lbs
b-57b	1	1	10	0	hvar_x2
b-57b	2	3	9	0	hvar_x2
b-57b	3	5	8	0	hvar_x2_first
b-57b	4	7	7	0	hvar_x2_first
b-57b	5	9	6	0	250lbs
b-57b	6	8	5	0	hvar_x2_first
b-57b	7	6	4	0	hvar_x2_first
b-57b	8	4	3	0	hvar_x2
b-57b	9	2	2	0	hvar_x2
bb-1	1	1	7	0	rs_82_slot1
bb-1	2	3	6	0	fab50_inner
bb-1	3	2	5	0	rs_82_slot3
be_6	1	1	10	0	fab250
be_6	2	3	9	0	fab250
be_6	3	5	8	0	fab250
be_6	4	7	7	0	fab250
be_6	5	8	5	0	fab250
be_6	6	6	4	0	fab250
be_6	7	4	3	0	fab250
be_6	8	2	2	0	fab250
beaufighter_mk21	1	1	7	0	rp3
beaufighter_mk21	2	3	6	0	2x250lbs
beaufighter_mk21	3	2	5	0	rp3
beaufighter_mkx	1	1	7	0	rp3
beaufighter_mkx	2	3	6	0	2x250lbs
beaufighter_mkx	3	2	5	0	rp3
bf_109t_2	1	1	6	0	sc50_slot1
bf_110g_4	1	1	8	0	br20_slot1
bf_110g_4	2	3	7	0	sc50_slot2
bf_110g_4	3	5	6	0	gun_pod
bf_110g_4	4	4	5	0	sc50_slot6
bf_110g_4	5	2	4	0	br20_slot5
bf_110g_4_hungary	1	1	8	0	br20_slot1
bf_110g_4_hungary	2	3	7	0	sc50_slot2
bf_110g_4_hungary	3	5	6	0	gun_pod
bf_110g_4_hungary	4	4	5	0	sc50_slot6
bf_110g_4_hungary	5	2	4	0	br20_slot5
bf-110c-4	1	1	8	0	sc50
bf-110c-4	2	3	7	0	sc50_x4
bf-110c-4	3	4	5	0	sc50_x4
bf-110c-4	4	2	4	0	sc50
bf-110f-2	1	1	8	0	sc50
bf-110f-2	2	3	7	0	sc50_x4
bf-110f-2	3	5	6	0	gun_pod
bf-110f-2	4	4	5	0	sc50_x4
bf-110f-2	5	2	4	0	sc50
bf-110g-2	1	1	8	0	br20_slot1
bf-110g-2	2	3	7	0	sc50_slot2
bf-110g-2	3	5	6	0	gun_pod_x2
bf-110g-2	4	4	5	0	sc50_slot6
bf-110g-2	5	2	4	0	br20_slot5
bf2c_1	1	1	8	0	us_100lb
bf2c_1	2	3	7	0	us_100lb
bf2c_1	4	4	5	0	us_100lb
bf2c_1	5	2	4	0	us_100lb
brigand_b1	1	1	11	0	60lb
brigand_b1	2	3	10	0	60lb
brigand_b1	3	5	9	0	60lb
brigand_b1	4	7	8	0	60lb
brigand_b1	5	9	7	0	500lb
brigand_b1	6	11	6	0	500lb_x2
brigand_b1	7	10	5	0	500lb
brigand_b1	8	8	4	0	60lb
brigand_b1	9	6	3	0	60lb
brigand_b1	10	4	2	0	60lb
brigand_b1	11	2	1	0	60lb
btd-1	1	1	7	0	100lbs
btd-1	2	3	6	0	500lbs
btd-1	3	2	5	0	100lbs
buccaneer_s1	1	1	8	0	matra_7
buccaneer_s1	2	3	7	0	matra_7
buccaneer_s1	3	5	6	0	1000lbs
buccaneer_s1	4	4	5	0	matra_7
buccaneer_s1	5	2	4	0	matra_7
buccaneer_s2	1	1	8	0	500lbs_mer
buccaneer_s2	2	3	7	0	matra_7
buccaneer_s2	3	5	6	0	500lbs_fuse
buccaneer_s2	4	4	5	0	matra_7
buccaneer_s2	5	2	4	0	500lbs_mer
buccaneer_s2b	1	1	8	0	aim9g
buccaneer_s2b	2	3	7	0	matra_7
buccaneer_s2b	3	5	6	0	500lbs_fuse
buccaneer_s2b	4	4	5	0	matra_7
buccaneer_s2b	5	2	4	0	aim9g
c_3604	1	1	7	0	oerlikon_8sm_slot1
c_3604	2	2	5	0	oerlikon_8sm_slot2
canberra_bimk6	1	1	7	0	500lb_mc_slot1
canberra_bimk6	2	3	6	0	500lb_mc_slot2
canberra_bimk6	3	2	5	0	500lb_mc_slot3
canberra_bmk2	1	1	5	0	500lb_x3_slot1
canberra_bmk2	2	2	7	0	500lb_x3_slot2
cf_188a_canada	1	1	10	0	aim_9l_default
cf_188a_canada	2	3	9	0	aim_9l_x2
cf_188a_canada	3	5	8	0	aim_7p_slot3
cf_188a_canada	4	4	7	0	aim_7p_default_slot4
cf_188a_canada	5	9	6	0	us_mk82_x1_slot5
cf_188a_canada	6	8	5	0	aim_7p_default_slot6
cf_188a_canada	7	6	4	0	aim_7p_slot7
cf_188a_canada	8	4	3	0	aim_9l_x2
cf_188a_canada	9	2	2	0	aim_9l_default
d4y2	1	1	7	0	type3
d4y2	2	3	6	0	250kg
d4y2	3	2	5	0	type3
d4y3	1	1	7	0	60kg
d4y3	2	3	6	0	250kg_slot2
d4y3	3	2	5	0	60kg
db_3a_china	1	1	8	0	fab50_slot1
db_3a_china	2	3	7	0	fab250_external
db_3a_china	3	6	6	0	fab50
db_3a_china	4	5	5	0	fab250
db_3a_china	5	4	4	0	fab250_external
db_3a_china	6	2	3	0	fab50_slot6
db_3b	1	1	8	0	fab50_slot1
db_3b	2	3	7	0	fab250_external
db_3b	3	6	6	0	fab50
db_3b	4	5	5	0	fab250
db_3b	5	4	4	0	fab250_external
db_3b	6	2	3	0	fab50_slot6
db_lk	1	10	8	0	fab50_slot1
db_lk	2	1	7	0	fab50_slot2
db_lk	3	2	5	0	fab50_slot3
db_lk	4	11	4	0	fab50_slot4
dh_110_sea_vixen	1	1	9	0	uk_1000lb
dh_110_sea_vixen	2	3	8	0	uk_500lb
dh_110_sea_vixen	3	5	7	0	uk_500lb
dh_110_sea_vixen	4	6	5	0	uk_500lb
dh_110_sea_vixen	5	4	4	0	uk_500lb
dh_110_sea_vixen	6	2	3	0	uk_1000lb
do_217e_2	1	1	7	0	sc1000
do_217e_2	2	3	6	0	sc250_x4_default
do_217e_2	3	2	5	0	sc1000
do_217e_4	1	1	7	0	sc1000
do_217e_4	2	3	6	0	sc250_x4_default
do_217e_4	3	2	5	0	sc1000
do_217k_1	1	1	7	0	sc1000
do_217k_1	2	3	6	0	sc250_x4_default
do_217k_1	3	2	5	0	sc1000
do_217m_1	1	1	7	0	sc1000
do_217m_1	2	3	6	0	sc250_x4_default
do_217m_1	3	2	5	0	sc1000
douglas_a_1h	1	1	14	0	hvar
douglas_a_1h	2	3	13	0	hvar
douglas_a_1h	3	5	12	0	hvar
douglas_a_1h	4	7	11	0	hvar
douglas_a_1h	5	9	10	0	hvar
douglas_a_1h	6	11	9	0	hvar
douglas_a_1h	7	13	8	0	aero_6
douglas_a_1h	8	15	7	0	mer_mk81_x6
douglas_a_1h	9	14	6	0	aero_6
douglas_a_1h	10	12	5	0	hvar
douglas_a_1h	11	10	4	0	hvar
douglas_a_1h	12	8	3	0	hvar
douglas_a_1h	13	6	2	0	hvar
douglas_a_1h	14	4	1	0	hvar
douglas_a_1h	15	2	0	0	hvar
douglas_ad_2	1	1	14	0	hvar
douglas_ad_2	2	3	13	0	hvar
douglas_ad_2	3	5	12	0	hvar
douglas_ad_2	4	7	11	0	hvar
douglas_ad_2	5	9	10	0	hvar
douglas_ad_2	6	11	9	0	hvar
douglas_ad_2	7	13	8	0	us_250_anm57a1_slot7
douglas_ad_2	8	15	7	0	us_500lb_anm64a1_center
douglas_ad_2	9	14	6	0	us_250_anm57a1_slot9
douglas_ad_2	10	12	5	0	hvar
douglas_ad_2	11	10	4	0	hvar
douglas_ad_2	12	8	3	0	hvar
douglas_ad_2	13	6	2	0	hvar
douglas_ad_2	14	4	1	0	hvar
douglas_ad_2	15	2	0	0	hvar
douglas_ad_4	1	1	14	0	us_250_anm57a1
douglas_ad_4	2	3	13	0	us_250_anm57a1
douglas_ad_4	3	5	12	0	us_250_anm57a1
douglas_ad_4	4	7	11	0	us_250_anm57a1
douglas_ad_4	5	9	10	0	us_250_anm57a1
douglas_ad_4	6	11	9	0	us_250_anm57a1
douglas_ad_4	7	13	8	0	us_250_anm57a1_slot7
douglas_ad_4	8	15	7	0	us_250_anm57a1_slot8
douglas_ad_4	9	14	6	0	us_250_anm57a1_slot9
douglas_ad_4	10	12	5	0	us_250_anm57a1
douglas_ad_4	11	10	4	0	us_250_anm57a1
douglas_ad_4	12	8	3	0	us_250_anm57a1
douglas_ad_4	13	6	2	0	us_250_anm57a1
douglas_ad_4	14	4	1	0	us_250_anm57a1
douglas_ad_4	15	2	0	0	us_250_anm57a1
douglas_ad_4_france	1	1	14	0	us_250_anm57a1
douglas_ad_4_france	2	3	13	0	us_250_anm57a1
douglas_ad_4_france	3	5	12	0	us_250_anm57a1
douglas_ad_4_france	4	7	11	0	us_250_anm57a1
douglas_ad_4_france	5	9	10	0	us_250_anm57a1
douglas_ad_4_france	6	11	9	0	us_250_anm57a1
douglas_ad_4_france	7	13	8	0	us_250_anm57a1_slot7
douglas_ad_4_france	8	15	7	0	us_250_anm57a1_slot8
douglas_ad_4_france	9	14	6	0	us_250_anm57a1_slot9
douglas_ad_4_france	10	12	5	0	us_250_anm57a1
douglas_ad_4_france	11	10	4	0	us_250_anm57a1
douglas_ad_4_france	12	8	3	0	us_250_anm57a1
douglas_ad_4_france	13	6	2	0	us_250_anm57a1
douglas_ad_4_france	14	4	1	0	us_250_anm57a1
douglas_ad_4_france	15	2	0	0	us_250_anm57a1
douglas_ad_4na_france	1	1	14	0	us_250_anm57a1
douglas_ad_4na_france	2	3	13	0	us_250_anm57a1
douglas_ad_4na_france	3	5	12	0	us_250_anm57a1
douglas_ad_4na_france	4	7	11	0	us_250_anm57a1
douglas_ad_4na_france	5	9	10	0	us_250_anm57a1
douglas_ad_4na_france	6	11	9	0	us_250_anm57a1
douglas_ad_4na_france	7	13	8	0	us_250_anm57a1_slot7
douglas_ad_4na_france	8	15	7	0	us_250_anm57a1_slot8
douglas_ad_4na_france	9	14	6	0	us_250_anm57a1_slot9
douglas_ad_4na_france	10	12	5	0	us_250_anm57a1
douglas_ad_4na_france	11	10	4	0	us_250_anm57a1
douglas_ad_4na_france	12	8	3	0	us_250_anm57a1
douglas_ad_4na_france	13	6	2	0	us_250_anm57a1
douglas_ad_4na_france	14	4	1	0	us_250_anm57a1
douglas_ad_4na_france	15	2	0	0	us_250_anm57a1
ef_2000_aesa	1	1	12	0	aim_9l_i_default_slot1
ef_2000_aesa	2	3	11	0	aim_9l_i_slot2
ef_2000_aesa	3	5	10	0	brimstone_dm_slot3
ef_2000_aesa	4	7	9	0	brimstone_dm_slot4
ef_2000_aesa	5	9	8	0	aim_120_slot5
ef_2000_aesa	6	11	7	0	aim_120_default_slot6
ef_2000_aesa	7	13	6	0	litening
ef_2000_aesa	8	12	5	0	aim_120_default_slot8
ef_2000_aesa	9	10	4	0	aim_120_slot9
ef_2000_aesa	10	8	3	0	brimstone_dm_slot10
ef_2000_aesa	11	6	2	0	brimstone_dm_slot11
ef_2000_aesa	12	4	1	0	aim_9l_i_slot12
ef_2000_aesa	13	2	0	0	aim_9l_i_slot13
ef_2000_block_10	1	1	12	0	aim_9l_i_default_slot1
ef_2000_block_10	2	3	11	0	aim_9l_i_slot2
ef_2000_block_10	3	5	10	0	brimstone_dm_slot3
ef_2000_block_10	4	7	9	0	brimstone_dm_slot4
ef_2000_block_10	5	9	8	0	aim_120_slot5
ef_2000_block_10	6	11	7	0	aim_120_default_slot6
ef_2000_block_10	7	13	6	0	litening
ef_2000_block_10	8	12	5	0	aim_120_default_slot8
ef_2000_block_10	9	10	4	0	aim_120_slot9
ef_2000_block_10	10	8	3	0	brimstone_dm_slot10
ef_2000_block_10	11	6	2	0	brimstone_dm_slot11
ef_2000_block_10	12	4	1	0	aim_9l_i_slot12
ef_2000_block_10	13	2	0	0	aim_9l_i_slot13
ef_2000_fgr4	1	1	12	0	aim_9m_default_slot1
ef_2000_fgr4	2	3	11	0	aim_9m_slot2
ef_2000_fgr4	3	5	10	0	brimstone_dm_slot3
ef_2000_fgr4	4	7	9	0	brimstone_dm_slot4
ef_2000_fgr4	5	9	8	0	aim_120_slot5
ef_2000_fgr4	6	11	7	0	aim_120_default_slot6
ef_2000_fgr4	7	13	6	0	litening
ef_2000_fgr4	8	12	5	0	aim_120_default_slot8
ef_2000_fgr4	9	10	4	0	aim_120_slot9
ef_2000_fgr4	10	8	3	0	brimstone_dm_slot10
ef_2000_fgr4	11	6	2	0	brimstone_dm_slot11
ef_2000_fgr4	12	4	1	0	aim_9m_slot12
ef_2000_fgr4	13	2	0	0	aim_9m_default_slot13
ef_2000_typhoon_aesa	1	1	12	0	aim_9m_default_slot1
ef_2000_typhoon_aesa	2	3	11	0	aim_9m_slot2
ef_2000_typhoon_aesa	3	5	10	0	brimstone_dm_slot3
ef_2000_typhoon_aesa	4	7	9	0	brimstone_dm_slot4
ef_2000_typhoon_aesa	5	9	8	0	aim_120_slot5
ef_2000_typhoon_aesa	6	11	7	0	aim_120_default_slot6
ef_2000_typhoon_aesa	7	13	6	0	litening
ef_2000_typhoon_aesa	8	12	5	0	aim_120_default_slot8
ef_2000_typhoon_aesa	9	10	4	0	aim_120_slot9
ef_2000_typhoon_aesa	10	8	3	0	brimstone_dm_slot10
ef_2000_typhoon_aesa	11	6	2	0	brimstone_dm_slot11
ef_2000_typhoon_aesa	12	4	1	0	aim_9m_slot12
ef_2000_typhoon_aesa	13	2	0	0	aim_9m_default_slot13
ef_2000a	1	1	12	0	aim_9m_default_slot1
ef_2000a	2	3	11	0	aim_9m_slot2
ef_2000a	3	5	10	0	brimstone_dm_slot3
ef_2000a	4	7	9	0	brimstone_dm_slot4
ef_2000a	5	9	8	0	aim_120_slot5
ef_2000a	6	11	7	0	aim_120_default_slot6
ef_2000a	7	13	6	0	litening
ef_2000a	8	12	5	0	aim_120_default_slot8
ef_2000a	9	10	4	0	aim_120_slot9
ef_2000a	10	8	3	0	brimstone_dm_slot10
ef_2000a	11	6	2	0	brimstone_dm_slot11
ef_2000a	12	4	1	0	aim_9m_slot12
ef_2000a	13	2	0	0	aim_9m_default_slot13
ef_2000a_aesa	1	1	12	0	aim_9l_i_default_slot1
ef_2000a_aesa	2	3	11	0	aim_9l_i_slot2
ef_2000a_aesa	3	5	10	0	brimstone_dm_slot3
ef_2000a_aesa	4	7	9	0	brimstone_dm_slot4
ef_2000a_aesa	5	9	8	0	aim_120_slot5
ef_2000a_aesa	6	11	7	0	aim_120_default_slot6
ef_2000a_aesa	7	13	6	0	litening
ef_2000a_aesa	8	12	5	0	aim_120_default_slot8
ef_2000a_aesa	9	10	4	0	aim_120_slot9
ef_2000a_aesa	10	8	3	0	brimstone_dm_slot10
ef_2000a_aesa	11	6	2	0	brimstone_dm_slot11
ef_2000a_aesa	12	4	1	0	aim_9l_i_slot12
ef_2000a_aesa	13	2	0	0	aim_9l_i_slot13
er-2_ach30b_early	1	1	7	0	fab1000
er-2_ach30b_early	2	4	6	0	fab100
er-2_ach30b_early	3	3	5	0	fab1000
er-2_ach30b_early	4	2	4	0	fab1000
er-2_ach30b_late	1	1	7	0	fab1000
er-2_ach30b_late	2	4	6	0	fab100
er-2_ach30b_late	3	3	5	0	fab1000
er-2_ach30b_late	4	2	4	0	fab1000
er-2_m105_mv3	1	1	7	0	fab100
er-2_m105_mv3	2	4	6	0	fab50_slot2
er-2_m105_mv3	3	2	5	0	fab100
er-2_m105_tat	1	1	7	0	fab100
er-2_m105_tat	2	4	6	0	fab50_slot2
er-2_m105_tat	3	2	5	0	fab100
er-2_m105r_lu2b	1	1	7	0	fab100
er-2_m105r_lu2b	2	4	6	0	fab50_slot2
er-2_m105r_lu2b	3	2	5	0	fab100
er-2_m105r_tat	1	1	7	0	fab100
er-2_m105r_tat	2	4	6	0	fab50_slot2
er-2_m105r_tat	3	2	5	0	fab100
etndard_4m	1	1	9	0	aim9b
etndard_4m	2	3	8	0	matra155
etndard_4m	5	4	4	0	matra155
etndard_4m	6	2	3	0	aim9b
f_111a	1	1	12	0	ter_lau_3a
f_111a	2	3	11	0	ter_lau_3a
f_111a	3	5	10	0	aim_9b_default
f_111a	4	7	9	0	aim_9b
f_111a	5	9	8	0	aim_9b
f_111a	6	11	7	0	us_mk82_x1
f_111a	7	12	5	0	us_mk82_x1
f_111a	8	10	4	0	aim_9b
f_111a	9	8	3	0	aim_9b
f_111a	10	6	2	0	aim_9b_default
f_111a	11	4	1	0	ter_lau_3a
f_111a	12	2	0	0	ter_lau_3a
f_111c_raaf	1	1	9	0	aim_9l_default
f_111c_raaf	2	3	8	0	aim_9l
f_111c_raaf	3	5	7	0	aim_9l
f_111c_raaf	4	7	6	0	m61a1_fuse
f_111c_raaf	5	6	5	0	aim_9l
f_111c_raaf	6	4	4	0	aim_9l
f_111c_raaf	7	2	3	0	aim_9l_default
f_111f	1	1	9	0	aim_9l_default
f_111f	2	3	8	0	aim_9l
f_111f	3	5	7	0	aim_9l
f_111f	4	7	6	0	m61a1_fuse
f_111f	5	6	5	0	aim_9l
f_111f	6	4	4	0	aim_9l
f_111f	7	2	3	0	aim_9l_default
f_111f_iaf_killstreak	1	1	9	0	aim_9l_default
f_111f_iaf_killstreak	2	3	8	0	aim_9l
f_111f_iaf_killstreak	4	7	6	0	b61
f_111f_iaf_killstreak	6	4	4	0	aim_9l
f_111f_iaf_killstreak	7	2	3	0	aim_9l_default
f_111f_japan_killstreak	1	1	9	0	aim_9l_default
f_111f_japan_killstreak	2	3	8	0	aim_9l
f_111f_japan_killstreak	4	7	6	0	b61
f_111f_japan_killstreak	6	4	4	0	aim_9l
f_111f_japan_killstreak	7	2	3	0	aim_9l_default
f_111f_killstreak	1	1	9	0	aim_9l_default
f_111f_killstreak	2	3	8	0	aim_9l
f_111f_killstreak	4	7	6	0	b61
f_111f_killstreak	6	4	4	0	aim_9l
f_111f_killstreak	7	2	3	0	aim_9l_default
f_117	1	1	7	0	mk82
f_117	2	2	5	0	mk82
f_14a_early	1	1	10	0	aim_9h
f_14a_early	2	3	9	0	aim_9h
f_14a_early	4	7	7	0	aim_7e2_fuse
f_14a_early	5	8	5	0	aim_7e2_x2
f_14a_early	7	4	3	0	aim_9h
f_14a_early	8	2	2	0	aim_9h
f_14a_iriaf	1	1	10	0	aim_9p_deafult
f_14a_iriaf	2	3	9	0	aim_9p
f_14a_iriaf	4	7	7	0	aim_7e2_fuse
f_14a_iriaf	5	8	5	0	aim_7e2_x2
f_14a_iriaf	7	4	3	0	aim_9p
f_14a_iriaf	8	2	2	0	aim_9p_deafult
f_14b	1	1	10	0	aim_9l
f_14b	2	3	9	0	aim_9l
f_14b	4	7	7	0	aim_7m_fuse
f_14b	5	8	5	0	aim_7m_x2
f_14b	7	4	3	0	aim_9l
f_14b	8	2	2	0	aim_9l
f_14d	1	1	10	0	aim_9m_default
f_14d	2	3	9	0	aim_9m
f_14d	4	7	7	0	aim_7m_fuse
f_14d	5	8	5	0	aim_7m_x2
f_14d	7	4	3	0	aim_9m
f_14d	8	2	2	0	aim_9m_default
f_15a	1	1	11	0	aim_9l_default
f_15a	2	3	10	0	us_500lb_mk_82_ldgp
f_15a	3	5	9	0	aim_9l
f_15a	4	7	8	0	aim_7m_default
f_15a	5	9	7	0	aim_7m
f_15a	6	11	6	0	us_500lb_mk_82_ldgp
f_15a	7	10	5	0	aim_7m
f_15a	8	8	4	0	aim_7m_default
f_15a	9	6	3	0	aim_9l
f_15a	10	4	2	0	us_500lb_mk_82_ldgp
f_15a	11	2	1	0	aim_9l_default
f_15a_iaf	1	1	11	0	aim_9l_default
f_15a_iaf	2	3	10	0	us_500lb_mk_82_ldgp
f_15a_iaf	3	5	9	0	aim_9l
f_15a_iaf	4	7	8	0	aim_7m_default
f_15a_iaf	5	9	7	0	aim_7m
f_15a_iaf	6	11	6	0	us_500lb_mk_82_ldgp
f_15a_iaf	7	10	5	0	aim_7m
f_15a_iaf	8	8	4	0	aim_7m_default
f_15a_iaf	9	6	3	0	aim_9l
f_15a_iaf	10	4	2	0	us_500lb_mk_82_ldgp
f_15a_iaf	11	2	1	0	aim_9l_default
f_15c_baz_msip	1	1	12	0	aim_9l_default
f_15c_baz_msip	2	3	11	0	us_500lb_mk_82_ldgp_slot2
f_15c_baz_msip	3	5	10	0	aim_9l_slot3
f_15c_baz_msip	4	7	9	0	aim_7m_slot4
f_15c_baz_msip	5	9	8	0	aim_7m_slot5
f_15c_baz_msip	7	13	6	0	us_500lb_mk_82_ldgp_slot7
f_15c_baz_msip	9	10	4	0	aim_7m_slot9
f_15c_baz_msip	10	8	3	0	aim_7m_slot10
f_15c_baz_msip	11	6	2	0	aim_9l_slot11
f_15c_baz_msip	12	4	1	0	us_500lb_mk_82_ldgp_slot12
f_15c_baz_msip	13	2	0	0	aim_9l_default
f_15c_golden_eagle	1	1	12	0	aim_9l_default
f_15c_golden_eagle	2	3	11	0	aim_120c_x2_slot2
f_15c_golden_eagle	3	5	10	0	aim_9l_slot3
f_15c_golden_eagle	4	7	9	0	aim_7m_slot4
f_15c_golden_eagle	5	9	8	0	aim_7m_slot5
f_15c_golden_eagle	6	11	7	0	mer_mk81_x6_slot6
f_15c_golden_eagle	7	13	6	0	us_500lb_mk_82_ldgp_slot7
f_15c_golden_eagle	8	12	5	0	mer_mk81_x6_slot8
f_15c_golden_eagle	9	10	4	0	aim_7m_slot9
f_15c_golden_eagle	10	8	3	0	aim_7m_slot10
f_15c_golden_eagle	11	6	2	0	aim_9l_slot11
f_15c_golden_eagle	12	4	1	0	aim_120c_x2_slot12
f_15c_golden_eagle	13	2	0	0	aim_9l_default
f_15c_msip2	1	1	12	0	aim_9l_default
f_15c_msip2	2	3	11	0	us_500lb_mk_82_ldgp_slot2
f_15c_msip2	3	5	10	0	aim_9l_slot3
f_15c_msip2	4	7	9	0	aim_7m_slot4
f_15c_msip2	5	9	8	0	aim_7m_slot5
f_15c_msip2	6	11	7	0	mer_mk81_x6_slot6
f_15c_msip2	7	13	6	0	us_500lb_mk_82_ldgp_slot7
f_15c_msip2	8	12	5	0	mer_mk81_x6_slot8
f_15c_msip2	9	10	4	0	aim_7m_slot9
f_15c_msip2	10	8	3	0	aim_7m_slot10
f_15c_msip2	11	6	2	0	aim_9l_slot11
f_15c_msip2	12	4	1	0	us_500lb_mk_82_ldgp_slot12
f_15c_msip2	13	2	0	0	aim_9l_default
f_15e	1	1	12	0	aim_9l_default
f_15e	2	3	11	0	us_mk84_slot2
f_15e	3	5	10	0	aim_9l_slot3
f_15e	4	7	9	0	aim_7m_slot4
f_15e	5	9	8	0	us_mk82_x6_tank_slot5
f_15e	6	11	7	0	sniper
f_15e	7	13	6	0	us_mk84_slot7
f_15e	9	10	4	0	us_mk82_x6_tank_slot9
f_15e	10	8	3	0	aim_7m_slot10
f_15e	11	6	2	0	aim_9l_slot11
f_15e	12	4	1	0	us_mk84_slot12
f_15e	13	2	0	0	aim_9l_default
f_15i_raam	1	1	12	0	aim_9l_default
f_15i_raam	2	3	11	0	us_mk84_slot2
f_15i_raam	3	5	10	0	aim_9l_slot3
f_15i_raam	4	7	9	0	aim_7m_slot4
f_15i_raam	5	9	8	0	us_mk82_x6_tank_slot5
f_15i_raam	6	11	7	0	lantirn
f_15i_raam	7	13	6	0	us_mk84_slot7
f_15i_raam	9	10	4	0	us_mk82_x6_tank_slot9
f_15i_raam	10	8	3	0	aim_7m_slot10
f_15i_raam	11	6	2	0	aim_9l_slot11
f_15i_raam	12	4	1	0	us_mk84_slot12
f_15i_raam	13	2	0	0	aim_9l_default
f_15j	1	1	11	0	aim_9l_default
f_15j	2	3	10	0	us_500lb_mk_82_ldgp
f_15j	3	5	9	0	aim_9l
f_15j	4	7	8	0	aim_7m_default
f_15j	5	9	7	0	aim_7m
f_15j	6	11	6	0	us_500lb_mk_82_ldgp
f_15j	7	10	5	0	aim_7m
f_15j	8	8	4	0	aim_7m_default
f_15j	9	6	3	0	aim_9l
f_15j	10	4	2	0	us_500lb_mk_82_ldgp
f_15j	11	2	1	0	aim_9l_default
f_15j_kai	1	1	11	0	aim_9l_default
f_15j_kai	2	3	10	0	us_500lb_mk_82_ldgp_slot2
f_15j_kai	3	5	9	0	aim_9l_slot3
f_15j_kai	4	7	8	0	aim_7m_slot4
f_15j_kai	5	9	7	0	aim_7m_slot5
f_15j_kai	6	11	6	0	us_500lb_mk_82_ldgp_slot6
f_15j_kai	7	10	5	0	aim_7m_slot7
f_15j_kai	8	8	4	0	aim_7m_slot8
f_15j_kai	9	6	3	0	aim_9l_slot9
f_15j_kai	10	4	2	0	us_500lb_mk_82_ldgp_slot10
f_15j_kai	11	2	1	0	aim_9l_default
f_16a_block_10	1	1	10	0	aim_9j_default
f_16a_block_10	2	3	9	0	aim_9j
f_16a_block_10	3	5	8	0	aim_9j
f_16a_block_10	4	7	7	0	blu_27
f_16a_block_10	5	9	6	0	mer_mk82_x1
f_16a_block_10	6	8	5	0	blu_27
f_16a_block_10	7	6	4	0	aim_9j
f_16a_block_10	8	4	3	0	aim_9j
f_16a_block_10	9	2	2	0	aim_9j_default
f_16a_block_10_iaf	1	1	10	0	aim_9p_default
f_16a_block_10_iaf	2	3	9	0	aim_9p
f_16a_block_10_iaf	3	5	8	0	aim_9p
f_16a_block_10_iaf	4	7	7	0	blu_27
f_16a_block_10_iaf	5	9	6	0	mer_mk82_x1
f_16a_block_10_iaf	6	8	5	0	blu_27
f_16a_block_10_iaf	7	6	4	0	aim_9p
f_16a_block_10_iaf	8	4	3	0	aim_9p
f_16a_block_10_iaf	9	2	2	0	aim_9p_default
f_16a_block_10_netz_mod	1	1	10	0	aim_9l_wingtip
f_16a_block_10_netz_mod	2	3	9	0	aim_9l
f_16a_block_10_netz_mod	3	5	8	0	aim_9l
f_16a_block_10_netz_mod	4	7	7	0	blu_27
f_16a_block_10_netz_mod	5	9	6	0	mer_mk82_x1
f_16a_block_10_netz_mod	6	8	5	0	blu_27
f_16a_block_10_netz_mod	7	6	4	0	aim_9l
f_16a_block_10_netz_mod	8	4	3	0	aim_9l
f_16a_block_10_netz_mod	9	2	2	0	aim_9l_wingtip
f_16a_block_10_norway	1	1	10	0	aim_9p_default
f_16a_block_10_norway	2	3	9	0	aim_9p
f_16a_block_10_norway	3	5	8	0	aim_9p
f_16a_block_10_norway	4	7	7	0	blu_27
f_16a_block_10_norway	5	9	6	0	mer_mk82_x1
f_16a_block_10_norway	6	8	5	0	blu_27
f_16a_block_10_norway	7	6	4	0	aim_9p
f_16a_block_10_norway	8	4	3	0	aim_9p
f_16a_block_10_norway	9	2	2	0	aim_9p_default
f_16a_block_15_adf	1	1	10	0	aim_9l_wingtip
f_16a_block_15_adf	2	3	9	0	aim_9l
f_16a_block_15_adf	3	5	8	0	aim_9l
f_16a_block_15_adf	7	6	4	0	aim_9l
f_16a_block_15_adf	8	4	3	0	aim_9l
f_16a_block_15_adf	9	2	2	0	aim_9l_wingtip
f_16a_block_15_adf_britain_killstreak	1	1	10	0	aim_9l_wingtip
f_16a_block_15_adf_britain_killstreak	2	3	9	0	aim_120a_slot2
f_16a_block_15_adf_britain_killstreak	5	9	6	0	b61
f_16a_block_15_adf_britain_killstreak	8	4	3	0	aim_120a_slot8
f_16a_block_15_adf_britain_killstreak	9	2	2	0	aim_9l_wingtip
f_16a_block_15_adf_france_killstreak	1	1	10	0	aim_9l_wingtip
f_16a_block_15_adf_france_killstreak	2	3	9	0	aim_120a_slot2
f_16a_block_15_adf_france_killstreak	5	9	6	0	b61
f_16a_block_15_adf_france_killstreak	8	4	3	0	aim_120a_slot8
f_16a_block_15_adf_france_killstreak	9	2	2	0	aim_9l_wingtip
f_16a_block_15_adf_germany_killstreak	1	1	10	0	aim_9l_wingtip
f_16a_block_15_adf_germany_killstreak	2	3	9	0	aim_120a_slot2
f_16a_block_15_adf_germany_killstreak	5	9	6	0	b61
f_16a_block_15_adf_germany_killstreak	8	4	3	0	aim_120a_slot8
f_16a_block_15_adf_germany_killstreak	9	2	2	0	aim_9l_wingtip
f_16a_block_15_adf_italy	1	1	10	0	aim_9l_wingtip
f_16a_block_15_adf_italy	2	3	9	0	aim_9l
f_16a_block_15_adf_italy	3	5	8	0	aim_9l
f_16a_block_15_adf_italy	7	6	4	0	aim_9l
f_16a_block_15_adf_italy	8	4	3	0	aim_9l
f_16a_block_15_adf_italy	9	2	2	0	aim_9l_wingtip
f_16a_block_15_adf_italy_killstreak	1	1	10	0	aim_9l_wingtip
f_16a_block_15_adf_italy_killstreak	2	3	9	0	aim_120a_slot2
f_16a_block_15_adf_italy_killstreak	5	9	6	0	b61
f_16a_block_15_adf_italy_killstreak	8	4	3	0	aim_120a_slot8
f_16a_block_15_adf_italy_killstreak	9	2	2	0	aim_9l_wingtip
f_16a_block_15_adf_killstreak	1	1	10	0	aim_9l_wingtip
f_16a_block_15_adf_killstreak	2	3	9	0	aim_120a_slot2
f_16a_block_15_adf_killstreak	5	9	6	0	b61
f_16a_block_15_adf_killstreak	8	4	3	0	aim_120a_slot8
f_16a_block_15_adf_killstreak	9	2	2	0	aim_9l_wingtip
f_16a_block_15_adf_sweden_killstreak	1	1	10	0	aim_9l_wingtip
f_16a_block_15_adf_sweden_killstreak	2	3	9	0	aim_120a_slot2
f_16a_block_15_adf_sweden_killstreak	5	9	6	0	b61
f_16a_block_15_adf_sweden_killstreak	8	4	3	0	aim_120a_slot8
f_16a_block_15_adf_sweden_killstreak	9	2	2	0	aim_9l_wingtip
f_16a_block_15_belgium	1	1	10	0	aim_9l_wingtip
f_16a_block_15_belgium	2	3	9	0	aim_9l
f_16a_block_15_belgium	3	5	8	0	aim_9l
f_16a_block_15_belgium	4	7	7	0	ter_mk82
f_16a_block_15_belgium	5	9	6	0	mer_mk82_x1
f_16a_block_15_belgium	6	8	5	0	ter_mk82
f_16a_block_15_belgium	7	6	4	0	aim_9l
f_16a_block_15_belgium	8	4	3	0	aim_9l
f_16a_block_15_belgium	9	2	2	0	aim_9l_wingtip
f_16a_block_15_ocu_belgium	1	1	11	0	aim_9l_wingtip_default
f_16a_block_15_ocu_belgium	2	3	10	0	aim_9l
f_16a_block_15_ocu_belgium	3	5	9	0	aim_9l
f_16a_block_15_ocu_belgium	6	10	5	0	atlis_pod
f_16a_block_15_ocu_belgium	8	6	3	0	aim_9l
f_16a_block_15_ocu_belgium	9	4	2	0	aim_9l
f_16a_block_15_ocu_belgium	10	2	1	0	aim_9l_wingtip_default
f_16a_block_15_ocu_thailand	1	1	10	0	python_3_wingtip_default
f_16a_block_15_ocu_thailand	2	3	9	0	aim_120_default
f_16a_block_15_ocu_thailand	3	5	8	0	aim_9l
f_16a_block_15_ocu_thailand	4	7	7	0	agm_65d_slot4
f_16a_block_15_ocu_thailand	6	10	5	0	atlis2
f_16a_block_15_ocu_thailand	7	8	4	0	agm_65d_slot7
f_16a_block_15_ocu_thailand	8	6	3	0	aim_9l
f_16a_block_15_ocu_thailand	9	4	2	0	aim_120_default
f_16a_block_15_ocu_thailand	10	2	1	0	python_3_wingtip_default
f_16a_block_20_mlu	1	1	11	0	aim_9p_default
f_16a_block_20_mlu	2	3	10	0	aim_9p
f_16a_block_20_mlu	3	5	9	0	aim_9p
f_16a_block_20_mlu	4	7	8	0	agm_65b_slot4
f_16a_block_20_mlu	6	9	5	0	lantirn_pod
f_16a_block_20_mlu	7	8	4	0	agm_65b_slot7
f_16a_block_20_mlu	8	6	3	0	aim_9p
f_16a_block_20_mlu	9	4	2	0	aim_9p
f_16a_block_20_mlu	10	2	1	0	aim_9p_default
f_16a_block_20_mlu_killstreak	1	1	10	0	aim_9l_wingtip
f_16a_block_20_mlu_killstreak	2	3	9	0	aim_120a_slot2
f_16a_block_20_mlu_killstreak	5	9	6	0	b61
f_16a_block_20_mlu_killstreak	8	4	3	0	aim_120a_slot8
f_16a_block_20_mlu_killstreak	9	2	2	0	aim_9l_wingtip
f_16a_block_5_netherlands	1	1	10	0	aim_9p_default
f_16a_block_5_netherlands	2	3	9	0	aim_9p
f_16a_block_5_netherlands	3	5	8	0	aim_9p
f_16a_block_5_netherlands	4	7	7	0	blu_27
f_16a_block_5_netherlands	5	9	6	0	mer_mk82_x1
f_16a_block_5_netherlands	6	8	5	0	blu_27
f_16a_block_5_netherlands	7	6	4	0	aim_9p
f_16a_block_5_netherlands	8	4	3	0	aim_9p
f_16a_block_5_netherlands	9	2	2	0	aim_9p_default
f_16a_block_72v_china	1	1	11	0	aim_9m_wingtip_default
f_16a_block_72v_china	2	3	10	0	aim_9m
f_16a_block_72v_china	3	5	9	0	aim_9m
f_16a_block_72v_china	4	7	8	0	agm_65d_slot4
f_16a_block_72v_china	5	10	7	0	asq_213
f_16a_block_72v_china	7	10	5	0	sniper_pod
f_16a_block_72v_china	8	8	4	0	agm_65d_slot8
f_16a_block_72v_china	9	6	3	0	aim_9m
f_16a_block_72v_china	10	4	2	0	aim_9m
f_16a_block_72v_china	11	2	1	0	aim_9m_wingtip_default
f_16aj	1	1	10	0	aim_9p_default
f_16aj	2	3	9	0	aim_9p
f_16aj	3	5	8	0	aim_9p
f_16aj	4	7	7	0	ter_mk82
f_16aj	5	9	6	0	mer_mk82_x1
f_16aj	6	8	5	0	ter_mk82
f_16aj	7	6	4	0	aim_9p
f_16aj	8	4	3	0	aim_9p
f_16aj	9	2	2	0	aim_9p_default
f_16am_block_15_mlu_belgium	1	1	11	0	aim_9l_wingtip_default
f_16am_block_15_mlu_belgium	2	3	10	0	aim_9l
f_16am_block_15_mlu_belgium	3	5	9	0	aim_9l
f_16am_block_15_mlu_belgium	4	7	8	0	agm_65d_slot4
f_16am_block_15_mlu_belgium	6	10	5	0	lantirn_pod
f_16am_block_15_mlu_belgium	7	8	4	0	agm_65d_slot7
f_16am_block_15_mlu_belgium	8	6	3	0	aim_9l
f_16am_block_15_mlu_belgium	9	4	2	0	aim_9l
f_16am_block_15_mlu_belgium	10	2	1	0	aim_9l_wingtip_default
f_16am_block_20_mlu_netherlands	1	1	11	0	aim_9l_wingtip_default
f_16am_block_20_mlu_netherlands	2	3	10	0	aim_9l
f_16am_block_20_mlu_netherlands	3	5	9	0	aim_9l
f_16am_block_20_mlu_netherlands	4	7	8	0	agm_65d_slot4
f_16am_block_20_mlu_netherlands	6	10	5	0	litening_pod
f_16am_block_20_mlu_netherlands	7	8	4	0	agm_65d_slot7
f_16am_block_20_mlu_netherlands	8	6	3	0	aim_9l
f_16am_block_20_mlu_netherlands	9	4	2	0	aim_9l
f_16am_block_20_mlu_netherlands	10	2	1	0	aim_9l_wingtip_default
f_16am_block_20_mlu_norway	1	1	11	0	aim_9l_wingtip_default
f_16am_block_20_mlu_norway	2	3	10	0	aim_9l
f_16am_block_20_mlu_norway	3	5	9	0	aim_9l
f_16am_block_20_mlu_norway	4	7	8	0	agm_65d_slot4
f_16am_block_20_mlu_norway	6	10	5	0	sniper_pod
f_16am_block_20_mlu_norway	7	8	4	0	agm_65d_slot7
f_16am_block_20_mlu_norway	8	6	3	0	aim_9l
f_16am_block_20_mlu_norway	9	4	2	0	aim_9l
f_16am_block_20_mlu_norway	10	2	1	0	aim_9l_wingtip_default
f_16c_block_40_barak_2	1	1	11	0	aim_9l_wingtip_default
f_16c_block_40_barak_2	2	3	10	0	aim_9l
f_16c_block_40_barak_2	3	5	9	0	aim_9l
f_16c_block_40_barak_2	4	7	8	0	ter_mk82
f_16c_block_40_barak_2	5	10	7	0	asq_213
f_16c_block_40_barak_2	6	9	6	0	fuse_mk83
f_16c_block_40_barak_2	7	10	5	0	litening_pod
f_16c_block_40_barak_2	8	8	4	0	ter_mk82
f_16c_block_40_barak_2	9	6	3	0	aim_9l
f_16c_block_40_barak_2	10	4	2	0	aim_9l
f_16c_block_40_barak_2	11	2	1	0	aim_9l_wingtip_default
f_16c_block_50	1	1	11	0	aim_9l_wingtip_default
f_16c_block_50	2	3	10	0	aim_9l
f_16c_block_50	3	5	9	0	aim_9l
f_16c_block_50	4	7	8	0	agm_65d_slot4
f_16c_block_50	5	10	7	0	asq_213
f_16c_block_50	7	10	5	0	sniper_pod
f_16c_block_50	8	8	4	0	agm_65d_slot8
f_16c_block_50	9	6	3	0	aim_9l
f_16c_block_50	10	4	2	0	aim_9l
f_16c_block_50	11	2	1	0	aim_9l_wingtip_default
f_16c_block_50_missile_test	1	1	11	0	aim_9l_wingtip_default
f_16c_block_50_missile_test	2	3	10	0	aim_9l
f_16c_block_50_missile_test	3	5	9	0	aim_9l
f_16c_block_50_missile_test	4	7	8	0	agm_65d_slot4
f_16c_block_50_missile_test	5	10	7	0	asq_213
f_16c_block_50_missile_test	7	10	5	0	sniper_pod
f_16c_block_50_missile_test	8	8	4	0	agm_65d_slot8
f_16c_block_50_missile_test	9	6	3	0	aim_9l
f_16c_block_50_missile_test	10	4	2	0	aim_9l
f_16c_block_50_missile_test	11	2	1	0	aim_9l_wingtip_default
f_16c_block_52_aesa	1	1	11	0	aim_9m_wingtip_default
f_16c_block_52_aesa	2	3	10	0	aim_9m
f_16c_block_52_aesa	3	5	9	0	aim_9m
f_16c_block_52_aesa	4	7	8	0	agm_65d_slot4
f_16c_block_52_aesa	5	10	7	0	asq_213
f_16c_block_52_aesa	7	10	5	0	sniper_pod
f_16c_block_52_aesa	8	8	4	0	agm_65d_slot8
f_16c_block_52_aesa	9	6	3	0	aim_9m
f_16c_block_52_aesa	10	4	2	0	aim_9m
f_16c_block_52_aesa	11	2	1	0	aim_9m_wingtip_default
f_16d_block_40_barak_2	1	1	11	0	aim_9l_wingtip_default
f_16d_block_40_barak_2	2	3	10	0	aim_9l
f_16d_block_40_barak_2	3	5	9	0	aim_9l
f_16d_block_40_barak_2	4	7	8	0	ver_mk82
f_16d_block_40_barak_2	6	10	5	0	litening_pod
f_16d_block_40_barak_2	7	8	4	0	ver_mk82
f_16d_block_40_barak_2	8	6	3	0	aim_9l
f_16d_block_40_barak_2	9	4	2	0	aim_9l
f_16d_block_40_barak_2	10	2	1	0	aim_9l_wingtip_default
f_16d_block_40_barak_2_killstreak	1	1	11	0	aim_9l_wingtip_default
f_16d_block_40_barak_2_killstreak	2	3	10	0	derby_default
f_16d_block_40_barak_2_killstreak	3	5	9	0	b61
f_16d_block_40_barak_2_killstreak	9	4	2	0	derby_default
f_16d_block_40_barak_2_killstreak	10	2	1	0	aim_9l_wingtip_default
f_16d_block_40_barak_2_missile_test	1	1	11	0	aim_9m_wingtip
f_16d_block_40_barak_2_missile_test	2	3	10	0	derby_default
f_16d_block_40_barak_2_missile_test	3	5	9	0	derby
f_16d_block_40_barak_2_missile_test	8	6	3	0	derby
f_16d_block_40_barak_2_missile_test	9	4	2	0	derby_default
f_16d_block_40_barak_2_missile_test	10	2	1	0	aim_9m_wingtip
f_16i_sufa	1	1	12	0	aim_9l_wingtip_default
f_16i_sufa	2	3	11	0	aim_9l
f_16i_sufa	3	5	10	0	aim_9l
f_16i_sufa	4	7	9	0	ver_mk82
f_16i_sufa	8	10	4	0	litening_pod
f_16i_sufa	9	8	3	0	ver_mk82
f_16i_sufa	10	6	2	0	aim_9l
f_16i_sufa	11	4	1	0	aim_9l
f_16i_sufa	12	2	0	0	aim_9l_wingtip_default
f_20a	1	1	9	0	aim_9l_wingtip_default
f_20a	2	3	8	0	aim_9l_default
f_20a	3	5	7	0	mk82
f_20a	4	7	6	0	mk82
f_20a	5	6	5	0	mk82
f_20a	6	4	4	0	aim_9l_default
f_20a	7	2	3	0	aim_9l_wingtip_default
f_2a	1	1	12	0	jp_aam3_default
f_2a	2	3	11	0	jp_aam3
f_2a	3	5	10	0	aim_7m_default
f_2a	4	7	9	0	aim_7m
f_2a	5	9	8	0	lau_3a
f_2a	7	11	5	0	sniper_atp_pod
f_2a	8	10	4	0	lau_3a
f_2a	9	8	3	0	aim_7m
f_2a	10	6	2	0	aim_7m_default
f_2a	11	4	1	0	jp_aam3
f_2a	12	2	0	0	jp_aam3_default
f_2a_adtw	1	1	12	0	jp_aam3_default
f_2a_adtw	2	3	11	0	jp_aam3
f_2a_adtw	3	5	10	0	aim_7m_default
f_2a_adtw	4	7	9	0	aim_7m
f_2a_adtw	5	9	8	0	lau_3a
f_2a_adtw	7	11	5	0	j_aaq_2_pod
f_2a_adtw	8	10	4	0	lau_3a
f_2a_adtw	9	8	3	0	aim_7m
f_2a_adtw	10	6	2	0	aim_7m_default
f_2a_adtw	11	4	1	0	jp_aam3
f_2a_adtw	12	2	0	0	jp_aam3_default
f_2a_killstreak	1	1	12	0	jp_aam3_default
f_2a_killstreak	3	5	10	0	jp_aam4_default
f_2a_killstreak	4	7	9	0	b61
f_2a_killstreak	10	6	2	0	jp_aam4_default
f_2a_killstreak	12	2	0	0	jp_aam3_default
f_47n_25_re_china	1	1	12	0	hvar
f_47n_25_re_china	2	3	11	0	hvar
f_47n_25_re_china	3	5	10	0	hvar
f_47n_25_re_china	4	7	9	0	1000lbs
f_47n_25_re_china	5	9	8	0	hvar
f_47n_25_re_china	6	11	7	0	hvar
f_47n_25_re_china	7	13	6	0	500lbs
f_47n_25_re_china	8	12	5	0	hvar
f_47n_25_re_china	9	10	4	0	hvar
f_47n_25_re_china	10	8	3	0	1000lbs
f_47n_25_re_china	11	6	2	0	hvar
f_47n_25_re_china	12	4	1	0	hvar
f_47n_25_re_china	13	2	0	0	hvar
f_4e_event	1	1	11	0	mer_lau_3a
f_4e_event	2	3	10	0	ter_lau_3a
f_4e_event	3	5	9	0	aim_9e_default_left_wing
f_4e_event	4	7	8	0	aim_7e
f_4e_event	5	9	7	0	aim_7e
f_4e_event	6	11	6	0	mer_lau_3a
f_4e_event	7	10	5	0	aim_7e
f_4e_event	8	8	4	0	aim_7e
f_4e_event	9	6	3	0	aim_9e_default_right_wing
f_4e_event	10	4	2	0	ter_lau_3a
f_4e_event	11	2	1	0	mer_lau_3a
f_6c_pakistan	1	1	9	0	aim9
f_6c_pakistan	2	3	8	0	oro57
f_6c_pakistan	3	5	7	0	oro57
f_6c_pakistan	5	6	5	0	oro57
f_6c_pakistan	6	4	4	0	oro57
f_6c_pakistan	7	2	3	0	aim9
f-104c	1	1	9	0	aim_9b
f-104c	2	3	8	0	lau_7a
f-104c	3	5	7	0	aim_9b_slot3
f-104c	4	7	6	0	m117_slot4
f-104c	5	6	5	0	aim_9b_slot5
f-104c	6	4	4	0	lau_7a
f-104c	7	2	3	0	aim_9b
f-104g	1	1	9	0	aim_9e_default
f-104g	2	3	8	0	lau_32
f-104g	3	5	7	0	aim_9b_fuse
f-104g	4	7	6	0	matra_25e
f-104g	5	6	5	0	aim_9b_fuse
f-104g	6	4	4	0	lau_32
f-104g	7	2	3	0	aim_9e_default
f-104g_belgium	1	1	9	0	aim_9e_default
f-104g_belgium	2	3	8	0	lau_32
f-104g_belgium	3	5	7	0	aim_9b_fuse
f-104g_belgium	4	7	6	0	matra_25e
f-104g_belgium	5	6	5	0	aim_9b_fuse
f-104g_belgium	6	4	4	0	lau_32
f-104g_belgium	7	2	3	0	aim_9e_default
f-104g_china	1	1	9	0	aim_9e_default
f-104g_china	2	3	8	0	lau_32
f-104g_china	3	5	7	0	aim_9b_fuse
f-104g_china	4	7	6	0	mk82
f-104g_china	5	6	5	0	aim_9b_fuse
f-104g_china	6	4	4	0	lau_32
f-104g_china	7	2	3	0	aim_9e_default
f-104g_italy	1	1	9	0	aim_9b
f-104g_italy	2	3	8	0	lau_3a
f-104g_italy	3	5	6	0	mk82
f-104g_italy	4	4	4	0	lau_3a
f-104g_italy	5	2	3	0	aim_9b
f-104j	1	1	9	0	aim_9b_deafult
f-104j	2	3	8	0	aim_9b
f-104j	3	5	7	0	aim_9b
f-104j	4	6	5	0	aim_9b
f-104j	5	4	4	0	aim_9b
f-104j	6	2	3	0	aim_9b_deafult
f-104s	1	1	11	0	aim_9b_default
f-104s	2	3	10	0	aim_9b
f-104s	3	5	9	0	lau_3a
f-104s	4	7	8	0	aim_9b
f-104s	6	10	6	0	mk82
f-104s	7	9	4	0	aim_9b
f-104s	8	6	3	0	lau_3a
f-104s	9	4	2	0	aim_9b
f-104s	10	2	1	0	aim_9b_default
f-104s_asa	1	1	11	0	default_aim9l
f-104s_asa	2	3	10	0	aim9l
f-104s_asa	3	5	9	0	us_500lb_mk_82_ldgp
f-104s_asa	4	7	8	0	us_500lb_mk_82_ldgp
f-104s_asa	5	5	7	0	aspide_control_station
f-104s_asa	6	10	6	0	mk82
f-104s_asa	7	9	4	0	us_500lb_mk_82_ldgp
f-104s_asa	8	6	3	0	us_500lb_mk_82_ldgp
f-104s_asa	9	4	2	0	aim9l
f-104s_asa	10	2	1	0	default_aim9l
f-104s_cb	1	1	11	0	aim_9b_default
f-104s_cb	2	3	10	0	aim_9b
f-104s_cb	3	5	9	0	lau_3a
f-104s_cb	4	7	8	0	aim_9b
f-104s_cb	6	10	6	0	mk82
f-104s_cb	7	9	4	0	aim_9b
f-104s_cb	8	6	3	0	lau_3a
f-104s_cb	9	4	2	0	aim_9b
f-104s_cb	10	2	1	0	aim_9b_default
f-105d	1	1	8	0	aim_9b_default_left
f-105d	2	3	7	0	aero_7
f-105d	3	5	6	0	mk82_centr
f-105d	4	4	5	0	aero_7
f-105d	5	2	4	0	aim_9b_default_right
f-4c	1	1	11	0	mer_lau_3a
f-4c	2	3	10	0	ter_lau_3a
f-4c	3	5	9	0	aim_9b_default_left_wing
f-4c	4	7	8	0	aim_7d
f-4c	5	9	7	0	aim_7d
f-4c	6	11	6	0	mer_lau_3a
f-4c	7	10	5	0	aim_7d
f-4c	8	8	4	0	aim_7d
f-4c	9	6	3	0	aim_9b_default_right_wing
f-4c	10	4	2	0	ter_lau_3a
f-4c	11	2	1	0	mer_lau_3a
f-4e	1	1	11	0	mer_lau_3a
f-4e	2	3	10	0	ter_lau_3a
f-4e	3	5	9	0	aim_9e_default_left_wing
f-4e	4	7	8	0	aim_7e
f-4e	5	9	7	0	aim_7e
f-4e	6	11	6	0	mer_lau_3a
f-4e	7	10	5	0	aim_7e
f-4e	8	8	4	0	aim_7e
f-4e	9	6	3	0	aim_9e_default_right_wing
f-4e	10	4	2	0	ter_lau_3a
f-4e	11	2	1	0	mer_lau_3a
f-4e_iaf	1	1	11	0	mer_lau_3a
f-4e_iaf	2	3	10	0	ter_lau_3a
f-4e_iaf	3	5	9	0	aim_9d
f-4e_iaf	4	7	8	0	aim_7e
f-4e_iaf	5	9	7	0	aim_7e
f-4e_iaf	6	11	6	0	mer_lau_3a
f-4e_iaf	7	10	5	0	aim_7e
f-4e_iaf	8	8	4	0	aim_7e
f-4e_iaf	9	6	3	0	aim_9d
f-4e_iaf	10	4	2	0	ter_lau_3a
f-4e_iaf	11	2	1	0	mer_lau_3a
f-4e_kurnass_2000	1	1	11	0	mer_lau_3a
f-4e_kurnass_2000	2	3	10	0	ter_lau_3a
f-4e_kurnass_2000	3	5	9	0	aim_9g
f-4e_kurnass_2000	5	9	7	0	aim_9g_fuse
f-4e_kurnass_2000	6	11	6	0	mer_lau_3a
f-4e_kurnass_2000	7	10	5	0	aim_9g_fuse
f-4e_kurnass_2000	9	6	3	0	aim_9g
f-4e_kurnass_2000	10	4	2	0	ter_lau_3a
f-4e_kurnass_2000	11	2	1	0	mer_lau_3a
f-4ej	1	1	11	0	mer_lau_3a
f-4ej	2	3	10	0	ter_lau_3a
f-4ej	3	5	9	0	aim_9e_default_left_wing
f-4ej	4	7	8	0	aim_7d
f-4ej	5	9	7	0	aim_7d
f-4ej	6	11	6	0	mer_lau_3a
f-4ej	7	10	5	0	aim_7d
f-4ej	8	8	4	0	aim_7d
f-4ej	9	6	3	0	aim_9e_default_right_wing
f-4ej	10	4	2	0	ter_lau_3a
f-4ej	11	2	1	0	mer_lau_3a
f-4ej_adtw	1	1	11	0	mer_lau_3a
f-4ej_adtw	2	3	10	0	ter_lau_3a
f-4ej_adtw	3	5	9	0	aim_9e_default_left_wing
f-4ej_adtw	4	7	8	0	aim_7d
f-4ej_adtw	5	9	7	0	aim_7d
f-4ej_adtw	6	11	6	0	mer_lau_3a
f-4ej_adtw	7	10	5	0	aim_7d
f-4ej_adtw	8	8	4	0	aim_7d
f-4ej_adtw	9	6	3	0	aim_9e_default_right_wing
f-4ej_adtw	10	4	2	0	ter_lau_3a
f-4ej_adtw	11	2	1	0	mer_lau_3a
f-4ej_kai	1	1	11	0	mer_lau_3a
f-4ej_kai	2	3	10	0	ter_lau_3a
f-4ej_kai	3	5	9	0	aim_9p_default_left_wing
f-4ej_kai	4	7	8	0	aim_7e
f-4ej_kai	5	9	7	0	aim_7e
f-4ej_kai	6	11	6	0	mer_lau_3a
f-4ej_kai	7	10	5	0	aim_7e
f-4ej_kai	8	8	4	0	aim_7e
f-4ej_kai	9	6	3	0	aim_9p_default_right_wing
f-4ej_kai	10	4	2	0	ter_lau_3a
f-4ej_kai	11	2	1	0	mer_lau_3a
f-4f	1	1	9	0	mer_lau_3a
f-4f	2	3	8	0	ter_lau_3a
f-4f	3	5	7	0	aim_9e_default_left_wing
f-4f	4	7	6	0	mer_lau_3a
f-4f	5	5	5	0	aim_9e_default_right_wing
f-4f	6	4	4	0	ter_lau_3a
f-4f	7	2	3	0	mer_lau_3a
f-4f_kws_lv	1	1	11	0	mer_lau_3a_slot1
f-4f_kws_lv	2	3	10	0	ter_lau_3a_slot2
f-4f_kws_lv	3	5	9	0	aim_9l_i_default_slot3
f-4f_kws_lv	4	7	8	0	aim_120a_slot4_default
f-4f_kws_lv	5	9	7	0	aim_120a_slot5
f-4f_kws_lv	6	11	6	0	mer_lau_3a_slot6
f-4f_kws_lv	7	10	5	0	aim_120a_slot7
f-4f_kws_lv	8	8	4	0	aim_120a_slot8_default
f-4f_kws_lv	9	6	3	0	aim_9l_i_default_slot9
f-4f_kws_lv	10	4	2	0	ter_lau_3a_slot10
f-4f_kws_lv	11	2	1	0	mer_lau_3a_slot11
f-4f_late	1	1	9	0	mer_lau_3a
f-4f_late	2	3	8	0	ter_lau_3a
f-4f_late	3	5	7	0	aim_9e_default_left_wing
f-4f_late	4	7	6	0	mer_lau_3a
f-4f_late	5	5	5	0	aim_9e_default_right_wing
f-4f_late	6	4	4	0	ter_lau_3a
f-4f_late	7	2	3	0	mer_lau_3a
f-4j	1	1	11	0	ter_lau_3a_left_wing
f-4j	2	3	10	0	aim_7e2_wing
f-4j	3	5	9	0	aim_9d_default_left_wing
f-4j	4	7	8	0	aim_7e2
f-4j	5	9	7	0	aim_7e2
f-4j	6	11	6	0	ter_lau_3a_slot6
f-4j	7	10	5	0	aim_7e2
f-4j	8	8	4	0	aim_7e2
f-4j	9	6	3	0	aim_9d_default_right_wing
f-4j	10	4	2	0	aim_7e2_wing
f-4j	11	2	1	0	ter_lau_3a_right_wing
f-4jk	1	1	11	0	ter_540lbs_x2_left_wing
f-4jk	2	3	10	0	ter_sneb
f-4jk	3	5	9	0	aim_9g
f-4jk	4	7	8	0	aim_7e
f-4jk	5	9	7	0	aim_7e
f-4jk	6	11	6	0	ter_sneb_centr
f-4jk	7	10	5	0	aim_7e
f-4jk	8	8	4	0	aim_7e
f-4jk	9	6	3	0	aim_9g
f-4jk	10	4	2	0	ter_sneb
f-4jk	11	2	1	0	ter_540lbs_x2_right_wing
f-4k	1	1	11	0	ter_540lbs_x2_left_wing
f-4k	2	3	10	0	ter_2_inch_rp_x3_slot2
f-4k	3	5	9	0	aim_9d_default_left_wing
f-4k	4	7	8	0	aim_7e
f-4k	5	9	7	0	aim_7e
f-4k	6	11	6	0	ter_2_inch_rp_x3_slot6
f-4k	7	10	5	0	aim_7e
f-4k	8	8	4	0	aim_7e
f-4k	9	6	3	0	aim_9d_default_right_wing
f-4k	10	4	2	0	ter_2_inch_rp_x3_slot10
f-4k	11	2	1	0	ter_540lbs_x2_right_wing
f-4m_fgr2	1	1	11	0	ter_540lbs_x2_left_wing
f-4m_fgr2	2	3	10	0	ter_sneb
f-4m_fgr2	3	5	9	0	aim_9d_default_left_wing
f-4m_fgr2	4	7	8	0	aim_7e
f-4m_fgr2	5	9	7	0	aim_7e
f-4m_fgr2	6	11	6	0	ter_sneb_centr
f-4m_fgr2	7	10	5	0	aim_7e
f-4m_fgr2	8	8	4	0	aim_7e
f-4m_fgr2	9	6	3	0	aim_9d_default_right_wing
f-4m_fgr2	10	4	2	0	ter_sneb
f-4m_fgr2	11	2	1	0	ter_540lbs_x2_right_wing
f-4s	1	1	11	0	ter_lau_3a_left_wing
f-4s	2	3	10	0	aim_7f_wing
f-4s	3	5	9	0	aim_9h
f-4s	4	7	8	0	aim_7f
f-4s	5	9	7	0	aim_7f
f-4s	6	11	6	0	ter_lau_3a_slot6
f-4s	7	10	5	0	aim_7f
f-4s	8	8	4	0	aim_7f
f-4s	9	6	3	0	aim_9h
f-4s	10	4	2	0	aim_7f_wing
f-4s	11	2	1	0	ter_lau_3a_right_wing
f-5a	1	1	9	0	aim_9e
f-5a	2	3	8	0	mk82
f-5a	3	5	7	0	mer_mk81_x6
f-5a	4	7	6	0	mer_mk81_x6
f-5a	5	6	5	0	mer_mk81_x6
f-5a	6	4	4	0	mk82
f-5a	7	2	3	0	aim_9e
f-5a_china	1	1	9	0	aim_9p
f-5a_china	2	3	8	0	mk82
f-5a_china	3	5	7	0	mer_mk81_x6
f-5a_china	4	7	6	0	mer_mk81_x6
f-5a_china	5	6	5	0	mer_mk81_x6
f-5a_china	6	4	4	0	mk82
f-5a_china	7	2	3	0	aim_9p
f-5a_thailand	1	1	9	0	aim_9e
f-5a_thailand	2	3	8	0	mk82
f-5a_thailand	3	5	7	0	mer_mk81_x6
f-5a_thailand	4	7	6	0	mer_mk81_x6
f-5a_thailand	5	6	5	0	mer_mk81_x6
f-5a_thailand	6	4	4	0	mk82
f-5a_thailand	7	2	3	0	aim_9e
f-5ag_norway	1	1	9	0	aim_9l
f-5ag_norway	2	3	8	0	mk82
f-5ag_norway	3	5	7	0	mk82
f-5ag_norway	4	7	6	0	mk82
f-5ag_norway	5	6	5	0	mk82
f-5ag_norway	6	4	4	0	mk82
f-5ag_norway	7	2	3	0	aim_9l
f-5c	1	1	9	0	aim_9e
f-5c	2	3	8	0	mk82
f-5c	3	5	7	0	mer_mk81_x6
f-5c	4	7	6	0	mer_mk81_x6
f-5c	5	6	5	0	mer_mk81_x6
f-5c	6	4	4	0	mk82
f-5c	7	2	3	0	aim_9e
f-5e	1	1	9	0	aim_9e
f-5e	2	3	8	0	mk82
f-5e	3	5	7	0	mk82
f-5e	4	7	6	0	mk82
f-5e	5	6	5	0	mk82
f-5e	6	4	4	0	mk82
f-5e	7	2	3	0	aim_9e
f-5e_aidc	1	1	9	0	aim_9p
f-5e_aidc	2	3	8	0	mk82
f-5e_aidc	3	5	7	0	mk82
f-5e_aidc	4	7	6	0	mk82
f-5e_aidc	5	6	5	0	mk82
f-5e_aidc	6	4	4	0	mk82
f-5e_aidc	7	2	3	0	aim_9p
f-5e_fcu_thailand	1	1	9	0	aim_9p4
f-5e_fcu_thailand	2	3	8	0	pyhton_3
f-5e_fcu_thailand	3	5	7	0	mk82
f-5e_fcu_thailand	4	7	6	0	mk82
f-5e_fcu_thailand	5	6	5	0	mk82
f-5e_fcu_thailand	6	4	4	0	pyhton_3
f-5e_fcu_thailand	7	2	3	0	aim_9p4
f-5e_switzerland	1	1	9	0	sws_flz_lwf_63_75
f-5e_switzerland	2	3	8	0	mk82
f-5e_switzerland	3	5	7	0	mk82
f-5e_switzerland	4	7	6	0	mk82
f-5e_switzerland	5	6	5	0	mk82
f-5e_switzerland	6	4	4	0	mk82
f-5e_switzerland	7	2	3	0	sws_flz_lwf_63_75
f-5t_thailand	1	1	9	0	aim_9l_default
f-5t_thailand	2	3	8	0	aero_7a
f-5t_thailand	3	5	7	0	aero_7a
f-5t_thailand	4	7	6	0	mk82
f-5t_thailand	5	6	5	0	aero_7a
f-5t_thailand	6	4	4	0	aero_7a
f-5t_thailand	7	2	3	0	aim_9l_default
f-5th_thailand	1	1	9	0	aim_9l_default
f-5th_thailand	2	3	8	0	derby_slot2
f-5th_thailand	3	5	7	0	aero_7a
f-5th_thailand	4	7	6	0	mk82
f-5th_thailand	5	6	5	0	aero_7a
f-5th_thailand	6	4	4	0	derby_slot6
f-5th_thailand	7	2	3	0	aim_9l_default
f-80	1	1	12	0	500lbs
f-80	2	3	11	0	500lbs_slot2
f-80	3	5	10	0	hvar
f-80	4	7	9	0	hvar
f-80	5	9	8	0	hvar
f-80	6	11	7	0	hvar
f-80	7	12	5	0	hvar
f-80	8	10	4	0	hvar
f-80	9	8	3	0	hvar
f-80	10	6	2	0	hvar
f-80	11	4	1	0	500lbs_slot11
f-80	12	2	0	0	500lbs
f-82e	1	1	8	0	hvar
f-82e	2	3	7	0	hvar
f-82e	3	5	6	0	hvar
f-82e	4	4	5	0	hvar
f-82e	5	2	4	0	hvar
f-84b	1	1	9	0	hvar_slot1
f-84b	2	3	8	0	hvar_slot2
f-84b	3	5	7	0	tiny_timm
f-84b	4	6	5	0	tiny_timm
f-84b	5	4	4	0	hvar_slot5
f-84b	6	2	3	0	hvar_slot6
f-84g	1	1	10	0	hvar_slot1
f-84g	2	3	9	0	hvar_slot2
f-84g	3	5	8	0	hvar_slot3
f-84g	4	7	7	0	hvar_slot4
f-84g	5	8	5	0	hvar_slot5
f-84g	6	6	4	0	hvar_slot6
f-84g	7	4	3	0	hvar_slot7
f-84g	8	2	2	0	hvar_slot8
f-84g_china	1	1	10	0	hvar_slot1
f-84g_china	2	3	9	0	hvar_slot2
f-84g_china	3	5	8	0	hvar_slot3
f-84g_china	4	7	7	0	hvar_slot4
f-84g_china	5	8	5	0	hvar_slot5
f-84g_china	6	6	4	0	hvar_slot6
f-84g_china	7	4	3	0	hvar_slot7
f-84g_china	8	2	2	0	hvar_slot8
f-84g_france	1	1	10	0	hvar_slot1
f-84g_france	2	3	9	0	hvar_slot2
f-84g_france	3	5	8	0	hvar_slot3
f-84g_france	4	7	7	0	hvar_slot4
f-84g_france	5	8	5	0	hvar_slot5
f-84g_france	6	6	4	0	hvar_slot6
f-84g_france	7	4	3	0	hvar_slot7
f-84g_france	8	2	2	0	hvar_slot8
f-84g_italy	1	1	10	0	hvar_slot1
f-84g_italy	2	3	9	0	hvar_slot2
f-84g_italy	3	5	8	0	hvar_slot3
f-84g_italy	4	7	7	0	hvar_slot4
f-84g_italy	5	8	5	0	hvar_slot5
f-84g_italy	6	6	4	0	hvar_slot6
f-84g_italy	7	4	3	0	hvar_slot7
f-84g_italy	8	2	2	0	hvar_slot8
f-84g_thailand	1	1	10	0	hvar_slot1
f-84g_thailand	2	3	9	0	hvar_slot2
f-84g_thailand	3	5	8	0	hvar_slot3
f-84g_thailand	4	7	7	0	hvar_slot4
f-84g_thailand	5	8	5	0	hvar_slot5
f-84g_thailand	6	6	4	0	hvar_slot6
f-84g_thailand	7	4	3	0	hvar_slot7
f-84g_thailand	8	2	2	0	hvar_slot8
f-84g-31-re_china	1	1	10	0	hvar_slot1
f-84g-31-re_china	2	3	9	0	hvar_slot2
f-84g-31-re_china	3	5	8	0	hvar_slot3
f-84g-31-re_china	4	7	7	0	hvar_slot4
f-84g-31-re_china	5	8	5	0	hvar_slot5
f-84g-31-re_china	6	6	4	0	hvar_slot6
f-84g-31-re_china	7	4	3	0	hvar_slot7
f-84g-31-re_china	8	2	2	0	hvar_slot8
f-8e	1	1	8	0	ter_mk81
f-8e	2	3	7	0	aim9b_default
f-8e	3	4	5	0	aim9b_default
f-8e	4	2	4	0	ter_mk81
f11f_1_late	1	1	8	0	aim9b_default
f11f_1_late	2	3	7	0	aim9b
f11f_1_late	3	4	5	0	aim9b
f11f_1_late	4	2	4	0	aim9b_default
f2h-2	2	3	10	0	hvar
f2h-2	3	5	9	0	hvar
f2h-2	4	7	8	0	hvar
f2h-2	5	9	7	0	hvar
f2h-2	6	10	5	0	hvar
f2h-2	7	8	4	0	hvar
f2h-2	8	6	3	0	hvar
f2h-2	9	4	2	0	hvar
f3h-2	1	1	10	0	aim9b_default
f3h-2	2	3	9	0	aero6
f3h-2	3	5	8	0	aim9b
f3h-2	4	7	7	0	aero6
f3h-2	5	8	5	0	aero6
f3h-2	6	6	4	0	aim9b
f3h-2	7	4	3	0	aero6
f3h-2	8	2	2	0	aim9b_default
f4d_1	1	1	9	0	aim_9b_default
f4d_1	2	3	8	0	aero_6a
f4d_1	3	5	7	0	aim_9b
f4d_1	4	6	5	0	aim_9b
f4d_1	5	4	4	0	aero_6a
f4d_1	6	2	3	0	aim_9b_default
f4u-4	1	1	11	0	hvar
f4u-4	2	3	10	0	hvar
f4u-4	3	5	9	0	hvar
f4u-4	4	7	8	0	hvar
f4u-4	5	9	7	0	tyni_tim
f4u-4	6	10	5	0	tyni_tim
f4u-4	7	8	4	0	hvar
f4u-4	8	6	3	0	hvar
f4u-4	9	4	2	0	hvar
f4u-4	10	2	1	0	hvar
f4u-4b	1	1	11	0	hvar
f4u-4b	2	3	10	0	hvar
f4u-4b	3	5	9	0	hvar
f4u-4b	4	7	8	0	hvar
f4u-4b	5	9	7	0	tyni_tim
f4u-4b	6	10	5	0	tyni_tim
f4u-4b	7	8	4	0	hvar
f4u-4b	8	6	3	0	hvar
f4u-4b	9	4	2	0	hvar
f4u-4b	10	2	1	0	hvar
f4u-4b_vmf_214	1	1	11	0	hvar
f4u-4b_vmf_214	2	3	10	0	hvar
f4u-4b_vmf_214	3	5	9	0	hvar
f4u-4b_vmf_214	4	7	8	0	hvar
f4u-4b_vmf_214	5	9	7	0	tyni_tim
f4u-4b_vmf_214	6	10	5	0	tyni_tim
f4u-4b_vmf_214	7	8	4	0	hvar
f4u-4b_vmf_214	8	6	3	0	hvar
f4u-4b_vmf_214	9	4	2	0	hvar
f4u-4b_vmf_214	10	2	1	0	hvar
f4u-6_au-1	1	1	12	0	hvar
f4u-6_au-1	2	3	11	0	hvar
f4u-6_au-1	3	5	10	0	hvar
f4u-6_au-1	4	7	9	0	hvar
f4u-6_au-1	5	9	8	0	hvar
f4u-6_au-1	6	11	7	0	tyni_tim
f4u-6_au-1	7	13	6	0	tyni_tim
f4u-6_au-1	8	12	5	0	tyni_tim
f4u-6_au-1	9	10	4	0	hvar
f4u-6_au-1	10	8	3	0	hvar
f4u-6_au-1	11	6	2	0	hvar
f4u-6_au-1	12	4	1	0	hvar
f4u-6_au-1	13	2	0	0	hvar
f4u-7	1	1	12	0	hvar_slot1
f4u-7	2	3	11	0	hvar_slot2
f4u-7	3	5	10	0	hvar_slot3
f4u-7	4	7	9	0	hvar_slot4
f4u-7	5	9	8	0	hvar_slot5
f4u-7	6	11	7	0	tyni_tim
f4u-7	7	13	6	0	tyni_tim
f4u-7	8	12	5	0	tyni_tim
f4u-7	9	10	4	0	hvar_slot9
f4u-7	10	8	3	0	hvar_slot10
f4u-7	11	6	2	0	hvar_slot11
f4u-7	12	4	1	0	hvar_slot12
f4u-7	13	2	0	0	hvar_slot13
f6f-3	1	1	10	0	hvar
f6f-3	2	3	9	0	hvar
f6f-3	3	5	8	0	hvar
f6f-3	4	7	7	0	tiny
f6f-3	5	9	6	0	tiny_central
f6f-3	6	8	5	0	tiny
f6f-3	7	6	4	0	hvar
f6f-3	8	4	3	0	hvar
f6f-3	9	2	2	0	hvar
f6f-5_france	1	1	10	0	hvar
f6f-5_france	2	3	9	0	hvar
f6f-5_france	3	5	8	0	hvar
f6f-5_france	4	7	7	0	tiny
f6f-5_france	5	9	6	0	tiny_central
f6f-5_france	6	8	5	0	tiny
f6f-5_france	7	6	4	0	hvar
f6f-5_france	8	4	3	0	hvar
f6f-5_france	9	2	2	0	hvar
f6f-5n	1	1	10	0	hvar
f6f-5n	2	3	9	0	hvar
f6f-5n	3	5	8	0	hvar
f6f-5n	4	7	7	0	tiny
f6f-5n	5	9	6	0	tiny_central
f6f-5n	6	8	5	0	tiny
f6f-5n	7	6	4	0	hvar
f6f-5n	8	4	3	0	hvar
f6f-5n	9	2	2	0	hvar
f6f-5n_france	1	1	10	0	hvar
f6f-5n_france	2	3	9	0	hvar
f6f-5n_france	3	5	8	0	hvar
f6f-5n_france	4	7	7	0	tiny
f6f-5n_france	5	9	6	0	tiny_central
f6f-5n_france	6	8	5	0	tiny
f6f-5n_france	7	6	4	0	hvar
f6f-5n_france	8	4	3	0	hvar
f6f-5n_france	9	2	2	0	hvar
f7f3	1	1	11	0	hvar
f7f3	2	3	10	0	hvar
f7f3	3	5	9	0	hvar
f7f3	4	7	8	0	hvar
f7f3	5	9	7	0	tiny
f7f3	6	11	6	0	tiny
f7f3	7	10	5	0	tiny
f7f3	8	8	4	0	hvar
f7f3	9	6	3	0	hvar
f7f3	10	4	2	0	hvar
f7f3	11	2	1	0	hvar
f8f1	1	1	8	0	hvar_slot1
f8f1	2	5	7	0	tiny_slot2
f8f1	3	7	6	0	500lbs
f8f1	4	6	5	0	250lb_slot4
f8f1	5	2	4	0	hvar_slot5
f8f1b	1	1	8	0	hvar_slot1
f8f1b	2	5	7	0	tiny_slot2
f8f1b	3	7	6	0	500lbs
f8f1b	4	6	5	0	250lb_slot4
f8f1b	5	2	4	0	hvar_slot5
f8f1b_france	1	1	8	0	hvar_slot1
f8f1b_france	2	5	7	0	tiny_slot2
f8f1b_france	3	7	6	0	500lbs
f8f1b_france	4	6	5	0	250lb_slot4
f8f1b_france	5	2	4	0	hvar_slot5
f8u-2	1	1	7	0	aim9b_default
f8u-2	2	3	6	0	us_f8u_ffar
f8u-2	3	2	5	0	aim9b_default
f9f-2	1	1	10	0	hvar
f9f-2	2	3	9	0	hvar
f9f-2	3	5	8	0	hvar
f9f-2	4	7	7	0	tiny
f9f-2	5	8	5	0	tiny
f9f-2	6	6	4	0	hvar
f9f-2	7	4	3	0	hvar
f9f-2	8	2	2	0	hvar
f9f-5	1	1	10	0	hvar
f9f-5	2	3	9	0	hvar
f9f-5	3	5	8	0	hvar
f9f-5	4	7	7	0	100lbs
f9f-5	5	8	5	0	100lbs
f9f-5	6	6	4	0	hvar
f9f-5	7	4	3	0	hvar
f9f-5	8	2	2	0	hvar
f9f-8	1	1	9	0	aim9b_default
f9f-8	2	3	8	0	aim9b
f9f-8	3	5	7	0	aero6
f9f-8	4	6	5	0	aero6
f9f-8	5	4	4	0	aim9b
f9f-8	6	2	3	0	aim9b_default
fa_18a	1	1	10	0	aim_9l_default
fa_18a	2	3	9	0	aim_9l_x2
fa_18a	3	5	8	0	us_hydra_70_lau_61_x2
fa_18a	4	4	7	0	aim_7f_slot4
fa_18a	5	9	6	0	us_mk82_x1_slot5
fa_18a	6	8	5	0	aim_7f_slot6
fa_18a	7	6	4	0	us_hydra_70_lau_61_x2
fa_18a	8	4	3	0	aim_9l_x2
fa_18a	9	2	2	0	aim_9l_default
fa_18a_hug_2_raaf	1	1	10	0	aim_9m_default
fa_18a_hug_2_raaf	2	3	9	0	aim_9l_x2
fa_18a_hug_2_raaf	3	5	8	0	aim_120_x2_slot3
fa_18a_hug_2_raaf	4	4	7	0	aim_120_default_slot4
fa_18a_hug_2_raaf	5	9	6	0	us_mk82_x1_slot5
fa_18a_hug_2_raaf	6	8	5	0	aim_120_default_slot6
fa_18a_hug_2_raaf	7	6	4	0	aim_120_x2_slot7
fa_18a_hug_2_raaf	8	4	3	0	aim_9l_x2
fa_18a_hug_2_raaf	9	2	2	0	aim_9m_default
fa_18a_raaf	1	1	10	0	aim_9l_default
fa_18a_raaf	2	3	9	0	aim_9l_x2
fa_18a_raaf	3	5	8	0	us_hydra_70_lau_61_x2
fa_18a_raaf	4	4	7	0	aim_7f_slot4
fa_18a_raaf	5	9	6	0	us_mk82_x1_slot5
fa_18a_raaf	6	8	5	0	aim_7f_slot6
fa_18a_raaf	7	6	4	0	us_hydra_70_lau_61_x2
fa_18a_raaf	8	4	3	0	aim_9l_x2
fa_18a_raaf	9	2	2	0	aim_9l_default
fa_18c_early	1	1	10	0	aim_9l_default
fa_18c_early	2	3	9	0	aim_9l_x2
fa_18c_early	3	5	8	0	aim_7p_slot3
fa_18c_early	4	4	7	0	aim_7p_default_slot4
fa_18c_early	5	9	6	0	us_mk82_x1_slot5
fa_18c_early	6	8	5	0	aim_7p_default_slot6
fa_18c_early	7	6	4	0	aim_7p_slot7
fa_18c_early	8	4	3	0	aim_9l_x2
fa_18c_early	9	2	2	0	aim_9l_default
fa_18c_finland	1	1	10	0	aim_9m_default
fa_18c_finland	2	3	9	0	aim_9l_x2
fa_18c_finland	3	5	8	0	aim_120_x2_slot3
fa_18c_finland	4	4	7	0	aim_120_default_slot4
fa_18c_finland	6	8	5	0	aim_120_default_slot6
fa_18c_finland	7	6	4	0	aim_120_x2_slot7
fa_18c_finland	8	4	3	0	aim_9l_x2
fa_18c_finland	9	2	2	0	aim_9m_default
fa_18c_late	1	1	10	0	aim_9m_default
fa_18c_late	2	3	9	0	aim_9l_x2
fa_18c_late	3	5	8	0	aim_7p_slot3
fa_18c_late	4	4	7	0	aim_7p_slot4
fa_18c_late	5	9	6	0	us_mk82_x1_slot5
fa_18c_late	6	8	5	0	aim_7p_slot6
fa_18c_late	7	6	4	0	aim_7p_slot7
fa_18c_late	8	4	3	0	aim_9l_x2
fa_18c_late	9	2	2	0	aim_9m_default
fa_18c_late_switzerland	1	1	10	0	aim_9m_default
fa_18c_late_switzerland	2	3	9	0	aim_9l_x2
fa_18c_late_switzerland	3	5	8	0	aim_7p_slot3
fa_18c_late_switzerland	4	4	7	0	aim_7p_slot4
fa_18c_late_switzerland	5	9	6	0	us_mk82_x1_slot5
fa_18c_late_switzerland	6	8	5	0	aim_7p_slot6
fa_18c_late_switzerland	7	6	4	0	aim_7p_slot7
fa_18c_late_switzerland	8	4	3	0	aim_9l_x2
fa_18c_late_switzerland	9	2	2	0	aim_9m_default
fa_18c_mlu_2_finland	1	1	10	0	aim_9m_default
fa_18c_mlu_2_finland	2	3	9	0	aim_9l_x2
fa_18c_mlu_2_finland	3	5	8	0	aim_120_x2_slot3
fa_18c_mlu_2_finland	4	4	7	0	aim_120_default_slot4
fa_18c_mlu_2_finland	5	9	6	0	litening_pod
fa_18c_mlu_2_finland	6	8	5	0	aim_120_default_slot6
fa_18c_mlu_2_finland	7	6	4	0	aim_120_x2_slot7
fa_18c_mlu_2_finland	8	4	3	0	aim_9l_x2
fa_18c_mlu_2_finland	9	2	2	0	aim_9m_default
fa_18c_switzerland	1	1	10	0	aim_9l
fa_18c_switzerland	2	3	9	0	aim_9l_x2
fa_18c_switzerland	3	5	8	0	aim_7p_slot3
fa_18c_switzerland	4	4	7	0	aim_7p_default_slot4
fa_18c_switzerland	5	9	6	0	us_mk82_x1_slot5
fa_18c_switzerland	6	8	5	0	aim_7p_default_slot6
fa_18c_switzerland	7	6	4	0	aim_7p_slot7
fa_18c_switzerland	8	4	3	0	aim_9l_x2
fa_18c_switzerland	9	2	2	0	aim_9l
fa_18d_late_malaysia	1	1	10	0	aim_9m_default
fa_18d_late_malaysia	2	3	9	0	aim_9l_x2
fa_18d_late_malaysia	3	5	8	0	aim_7p_slot3
fa_18d_late_malaysia	4	4	7	0	aim_7p_slot4
fa_18d_late_malaysia	5	9	6	0	us_mk82_x1_slot5
fa_18d_late_malaysia	6	8	5	0	aim_7p_slot6
fa_18d_late_malaysia	7	6	4	0	aim_7p_slot7
fa_18d_late_malaysia	8	4	3	0	aim_9l_x2
fa_18d_late_malaysia	9	2	2	0	aim_9m_default
fa_18e_block_2	1	1	11	0	aim_9m_default_slot1
fa_18e_block_2	2	3	10	0	aim_9m_slot2
fa_18e_block_2	3	5	9	0	aim_9m_x2_slot3
fa_18e_block_2	4	7	8	0	aim_9m_x2_slot4
fa_18e_block_2	5	9	7	0	aim_7p_slot5
fa_18e_block_2	6	11	6	0	us_mk82_x1_slot6
fa_18e_block_2	7	10	5	0	aim_7p_slot7
fa_18e_block_2	8	8	4	0	aim_9m_x2_slot8
fa_18e_block_2	9	6	3	0	aim_9m_x2_slot9
fa_18e_block_2	10	4	2	0	aim_9m_slot10
fa_18e_block_2	11	2	1	0	aim_9m_default_slot11
fa_18f_block_2_raaf	1	1	11	0	aim_9m_default_slot1
fa_18f_block_2_raaf	2	3	10	0	aim_9m_slot2
fa_18f_block_2_raaf	3	5	9	0	aim_9m_x2_slot3
fa_18f_block_2_raaf	4	7	8	0	aim_9m_x2_slot4
fa_18f_block_2_raaf	5	9	7	0	aim_120b_default_slot5
fa_18f_block_2_raaf	6	11	6	0	us_mk82_x1_slot6
fa_18f_block_2_raaf	7	10	5	0	aim_120b_default_slot7
fa_18f_block_2_raaf	8	8	4	0	aim_9m_x2_slot8
fa_18f_block_2_raaf	9	6	3	0	aim_9m_x2_slot9
fa_18f_block_2_raaf	10	4	2	0	aim_9m_slot10
fa_18f_block_2_raaf	11	2	1	0	aim_9m_default_slot11
ffa_p16	1	1	12	0	200_kg_sprengbombe_slot1
ffa_p16	2	3	11	0	sura_heat_slot2
ffa_p16	3	5	10	0	sura_heat_slot3
ffa_p16	4	7	9	0	200_kg_sprengbombe_slot4
ffa_p16	5	9	8	0	sura_heat_slot5
ffa_p16	6	11	7	0	sura_heat_slot6
ffa_p16	7	101	6	0	matra_sneb_slot7
ffa_p16	8	12	5	0	sura_heat_slot8
ffa_p16	9	10	4	0	sura_heat_slot9
ffa_p16	10	8	3	0	200_kg_sprengbombe_slot10
ffa_p16	11	6	2	0	sura_heat_slot11
ffa_p16	12	4	1	0	sura_heat_slot12
ffa_p16	13	2	0	0	200_kg_sprengbombe_slot13
fiat_g91_ps	1	1	7	0	aero_7
fiat_g91_ps	2	3	6	0	mgun_left
fiat_g91_ps	3	4	5	0	mgun_right
fiat_g91_ps	4	2	4	0	aero_7
fiat_g91_r1	1	1	7	0	aero_7
fiat_g91_r1	2	3	6	0	mgun_left
fiat_g91_r1	3	4	5	0	mgun_right
fiat_g91_r1	4	2	4	0	aero_7
fiat_g91_r3	1	1	8	0	matra_116
fiat_g91_r3	2	3	7	0	lau_32
fiat_g91_r3	5	4	4	0	lau_32
fiat_g91_r3	6	2	3	0	matra_116
fiat_g91_r4	1	1	8	0	aim9
fiat_g91_r4	2	3	7	0	aim9
fiat_g91_r4	3	5	6	0	mgun_left
fiat_g91_r4	4	6	5	0	mgun_right
fiat_g91_r4	5	4	4	0	aim9
fiat_g91_r4	6	2	3	0	aim9
fiat_g91_r4_german	1	1	8	0	aim9
fiat_g91_r4_german	2	3	7	0	aim9
fiat_g91_r4_german	3	5	6	0	mgun_left
fiat_g91_r4_german	4	6	5	0	mgun_right
fiat_g91_r4_german	5	4	4	0	aim9
fiat_g91_r4_german	6	2	3	0	aim9
fiat_g91_y	1	1	8	0	us_500lb_m82_2
fiat_g91_y	2	3	7	0	us_500lb_m82
fiat_g91_y	3	4	5	0	us_500lb_m82
fiat_g91_y	4	2	4	0	us_500lb_m82_2
fiat_g91_ys	1	1	9	0	aim9b
fiat_g91_ys	2	3	8	0	us_500lb_m82_2
fiat_g91_ys	3	5	7	0	us_500lb_m82
fiat_g91_ys	4	6	5	0	us_500lb_m82
fiat_g91_ys	5	4	4	0	us_500lb_m82_2
fiat_g91_ys	6	2	3	0	aim9b
firebrand_tf4	1	1	11	0	hvar
firebrand_tf4	2	3	10	0	hvar
firebrand_tf4	3	5	9	0	hvar
firebrand_tf4	4	7	8	0	hvar
firebrand_tf4	5	9	7	0	250lb_gp
firebrand_tf4	6	11	6	0	1000lb_gp
firebrand_tf4	7	10	5	0	250lb_gp
firebrand_tf4	8	8	4	0	hvar
firebrand_tf4	9	6	3	0	hvar
firebrand_tf4	10	4	2	0	hvar
firebrand_tf4	11	2	1	0	hvar
firefly_mk4_netherlands	1	1	11	0	rp3_slot1
firefly_mk4_netherlands	2	3	10	0	rp3_slot2
firefly_mk4_netherlands	3	5	9	0	rp3_slot3
firefly_mk4_netherlands	4	7	8	0	rp3_slot4
firefly_mk4_netherlands	5	9	7	0	500lb
firefly_mk4_netherlands	6	10	5	0	500lb
firefly_mk4_netherlands	7	8	4	0	rp3_slot7
firefly_mk4_netherlands	8	6	3	0	rp3_slot8
firefly_mk4_netherlands	9	4	2	0	rp3_slot9
firefly_mk4_netherlands	10	2	1	0	rp3_slot10
firefly_mk5	1	1	11	0	rp3_slot1
firefly_mk5	2	3	10	0	rp3_slot2
firefly_mk5	3	5	9	0	rp3_slot3
firefly_mk5	4	7	8	0	rp3_slot4
firefly_mk5	5	9	7	0	250lb_gp
firefly_mk5	6	10	5	0	250lb_gp
firefly_mk5	7	8	4	0	rp3_slot7
firefly_mk5	8	6	3	0	rp3_slot8
firefly_mk5	9	4	2	0	rp3_slot9
firefly_mk5	10	2	1	0	rp3_slot10
fokker_g1a	1	1	6	0	vliegtuigbom_50kg
fr_1_fireball	1	1	9	0	hvar
fr_1_fireball	2	3	8	0	hvar
fr_1_fireball	3	5	7	0	500lbs
fr_1_fireball	4	6	5	0	500lbs
fr_1_fireball	5	4	4	0	hvar
fr_1_fireball	6	2	3	0	hvar
fw_190f_8_hungary	1	1	7	0	pb2_slot1
fw_190f_8_hungary	2	3	6	0	50kg_x4
fw_190f_8_hungary	3	2	5	0	pb2_slot3
fw_200c_1	1	1	8	0	250_slot1
fw_200c_1	2	3	7	0	250_slot2
fw_200c_1	3	5	6	0	250_x2_slot3
fw_200c_1	4	4	5	0	250_slot4
fw_200c_1	5	2	4	0	250_slot5
fw-190d-12	1	1	7	0	50kg_x2_slot1
fw-190d-12	2	3	6	0	50kg_x4
fw-190d-12	3	2	5	0	50kg_x2_slot3
fw-190d-13	1	1	7	0	50kg_x2_slot1
fw-190d-13	2	3	6	0	50kg_x4
fw-190d-13	3	2	5	0	50kg_x2_slot3
fw-190d-9	1	1	7	0	50kg_x2_slot1
fw-190d-9	2	3	6	0	50kg_x4
fw-190d-9	3	2	5	0	50kg_x2_slot3
fw-190f-8	1	1	7	0	x4
fw-190f-8	2	3	6	0	50kg_x4
fw-190f-8	3	2	5	0	x4
halifax_mk3	1	1	8	0	250lb_gp_slot1
halifax_mk3	2	7	7	0	250lb_gp_slot2
halifax_mk3	3	10	6	0	250lb_gp_slot3
halifax_mk3	4	13	5	0	250lb_gp_slot4
halifax_mk3	5	2	4	0	250lb_gp_slot5
harrier_frs1	1	1	8	0	aim9g
harrier_frs1	2	3	7	0	2_inch_rp
harrier_frs1	3	5	6	0	500lbs
harrier_frs1	4	4	5	0	2_inch_rp
harrier_frs1	5	2	4	0	aim9g
harrier_frs1_early	1	1	8	0	aim9g
harrier_frs1_early	2	3	7	0	2_inch_rp_left
harrier_frs1_early	3	5	6	0	500lbs
harrier_frs1_early	4	4	5	0	2_inch_rp_right
harrier_frs1_early	5	2	4	0	aim9g
harrier_gr1	1	1	8	0	sraam_left
harrier_gr1	2	3	7	0	2_inch_rp_left
harrier_gr1	3	5	6	0	500lbs
harrier_gr1	4	4	5	0	2_inch_rp_right
harrier_gr1	5	2	4	0	sraam_right
harrier_gr3	1	1	8	0	aim9g
harrier_gr3	2	3	7	0	2_inch_rp_left
harrier_gr3	3	5	6	0	500lbs
harrier_gr3	4	4	5	0	2_inch_rp_right
harrier_gr3	5	2	4	0	aim9g
harrier_gr7	1	1	11	0	aim9l_default
harrier_gr7	2	3	10	0	agm_65d
harrier_gr7	3	5	9	0	aim9l
harrier_gr7	4	7	8	0	agm_65d
harrier_gr7	5	9	7	0	aden_25_left
harrier_gr7	6	11	6	0	uk_500lbs
harrier_gr7	7	10	5	0	aden_25_right
harrier_gr7	8	8	4	0	agm_65d
harrier_gr7	9	6	3	0	aim9l
harrier_gr7	10	4	2	0	agm_65d
harrier_gr7	11	2	1	0	aim9l_default
harrier_t10	1	1	11	0	aim9l_default
harrier_t10	2	3	10	0	agm_65d
harrier_t10	3	5	9	0	aim9l
harrier_t10	4	7	8	0	agm_65d
harrier_t10	5	9	7	0	aden_25_left
harrier_t10	6	11	6	0	uk_500lbs
harrier_t10	7	10	5	0	aden_25_right
harrier_t10	8	8	4	0	agm_65d
harrier_t10	9	6	3	0	aim9l
harrier_t10	10	4	2	0	agm_65d
harrier_t10	11	2	1	0	aim9l_default
hawk_200	1	1	8	0	aim9l_default
hawk_200	2	3	7	0	aim9l
hawk_200	3	5	6	0	sea_eagle
hawk_200	4	4	5	0	aim9l
hawk_200	5	2	4	0	aim9l_default
hawk_200_rda	1	1	9	0	aim9l_default_slot1
hawk_200_rda	2	3	8	0	aim9l
hawk_200_rda	3	5	7	0	aim9l
hawk_200_rda	4	7	6	0	sea_eagle
hawk_200_rda	5	6	5	0	aim9l
hawk_200_rda	6	4	4	0	aim9l
hawk_200_rda	7	2	3	0	aim9l_default_slot7
hawk_209_indonesia	1	1	9	0	aim9p4_slot1
hawk_209_indonesia	2	3	8	0	aim9p4_slot2
hawk_209_indonesia	3	5	7	0	us_agm_65g
hawk_209_indonesia	4	7	6	0	mk_81
hawk_209_indonesia	5	6	5	0	us_agm_65g
hawk_209_indonesia	6	4	4	0	aim9p4_slot6
hawk_209_indonesia	7	2	3	0	aim9p4_slot7
he-177a-3	1	1	8	0	fx1400_slot1
he-177a-3	2	3	7	0	50_slot2
he-177a-3	3	5	6	0	fx1400_slot3
he-177a-3	4	4	5	0	50_slot4
he-177a-3	5	2	4	0	fx1400_slot5
he-177a-5	1	1	8	0	fx1400_slot1
he-177a-5	2	3	7	0	50_slot2
he-177a-5	3	5	6	0	fx1400_slot3
he-177a-5	4	4	5	0	50_slot4
he-177a-5	5	2	4	0	fx1400_slot5
hellcat_fmk1	1	1	10	0	hvar
hellcat_fmk1	2	3	9	0	hvar
hellcat_fmk1	3	5	8	0	hvar
hellcat_fmk1	4	7	7	0	tiny
hellcat_fmk1	5	9	6	0	tiny_central
hellcat_fmk1	6	8	5	0	tiny
hellcat_fmk1	7	6	4	0	hvar
hellcat_fmk1	8	4	3	0	hvar
hellcat_fmk1	9	2	2	0	hvar
hornet_mk1	1	1	9	0	25lbs_slot1
hornet_mk1	2	3	8	0	25lbs_slot2
hornet_mk1	3	5	7	0	500lbs_slot3
hornet_mk1	4	6	5	0	500lbs_slot4
hornet_mk1	5	4	4	0	25lbs_slot5
hornet_mk1	6	2	3	0	25lbs_slot6
hornet_mk3	1	1	9	0	25lbs_slot1
hornet_mk3	2	3	8	0	25lbs_slot2
hornet_mk3	3	5	7	0	500lbs_slot3
hornet_mk3	4	6	5	0	500lbs_slot4
hornet_mk3	5	4	4	0	25lbs_slot5
hornet_mk3	6	2	3	0	25lbs_slot6
hp52_hampden_tbmk1	1	1	7	0	gp_250
hp52_hampden_tbmk1	2	3	6	0	gp_250_internal
hp52_hampden_tbmk1	3	2	5	0	gp_250
hp52_hampden_tbmk1_ussr_utk1	1	1	7	0	gp_250
hp52_hampden_tbmk1_ussr_utk1	2	3	6	0	gp_250_internal
hp52_hampden_tbmk1_ussr_utk1	3	2	5	0	gp_250
hunter_f50_sweden	1	1	8	0	aim_9b
hunter_f50_sweden	4	2	4	0	aim_9b
hunter_f58_switzerland	1	1	12	0	8_cm_flz_rakete_x2_slot1
hunter_f58_switzerland	2	3	11	0	sws_flz_lwf_63_80
hunter_f58_switzerland	3	5	10	0	8_cm_flz_rakete_x2
hunter_f58_switzerland	4	7	9	0	8_cm_flz_rakete_x2
hunter_f58_switzerland	6	11	7	0	8_cm_flz_rakete_x4
hunter_f58_switzerland	7	12	5	0	8_cm_flz_rakete_x4
hunter_f58_switzerland	9	8	3	0	8_cm_flz_rakete_x2
hunter_f58_switzerland	10	6	2	0	8_cm_flz_rakete_x2
hunter_f58_switzerland	11	4	1	0	sws_flz_lwf_63_80
hunter_f58_switzerland	12	2	0	0	8_cm_flz_rakete_x2_slot12
hunter_f58a_1971_switzerland	1	1	12	0	8_cm_flz_rakete_x2_slot1
hunter_f58a_1971_switzerland	2	3	11	0	sws_flz_lwf_63
hunter_f58a_1971_switzerland	3	5	10	0	8_cm_flz_rakete_x2
hunter_f58a_1971_switzerland	4	7	9	0	8_cm_flz_rakete_x2
hunter_f58a_1971_switzerland	9	8	3	0	8_cm_flz_rakete_x2
hunter_f58a_1971_switzerland	10	6	2	0	8_cm_flz_rakete_x2
hunter_f58a_1971_switzerland	11	4	1	0	sws_flz_lwf_63
hunter_f58a_1971_switzerland	12	2	0	0	8_cm_flz_rakete_x2_slot12
hunter_f6	1	1	12	0	25lb_slot1
hunter_f6	2	3	11	0	matra
hunter_f6	3	5	10	0	25lb_slot3
hunter_f6	4	7	9	0	25lb_slot4
hunter_f6	5	9	8	0	25lb_slot5
hunter_f6	6	11	7	0	sram_default_left
hunter_f6	7	12	5	0	sram_default_right
hunter_f6	8	10	4	0	25lb_slot8
hunter_f6	9	8	3	0	25lb_slot9
hunter_f6	10	6	2	0	25lb_slot10
hunter_f6	11	4	1	0	matra
hunter_f6	12	2	0	0	25lb_slot12
hunter_f6_holland	1	1	8	0	aim_9b
hunter_f6_holland	4	2	4	0	aim_9b
hunter_f9_rhodesia	1	1	12	0	25lb_slot1
hunter_f9_rhodesia	2	3	11	0	matra
hunter_f9_rhodesia	3	5	10	0	25lb_slot3
hunter_f9_rhodesia	4	7	9	0	25lb_slot4
hunter_f9_rhodesia	5	9	8	0	aim9e
hunter_f9_rhodesia	6	11	7	0	500lbs
hunter_f9_rhodesia	7	12	5	0	500lbs
hunter_f9_rhodesia	8	10	4	0	aim9e
hunter_f9_rhodesia	9	8	3	0	25lb_slot9
hunter_f9_rhodesia	10	6	2	0	25lb_slot10
hunter_f9_rhodesia	11	4	1	0	matra
hunter_f9_rhodesia	12	2	0	0	25lb_slot12
i_185_m71_standard	1	1	9	0	rs82_slot1
i_185_m71_standard	2	3	8	0	fab50_slot2
i_185_m71_standard	3	5	7	0	fab50_slot3
i_185_m71_standard	4	6	5	0	fab50_slot4
i_185_m71_standard	5	4	4	0	fab50_slot5
i_185_m71_standard	6	2	3	0	rs82_slot6
i_185_m82	1	1	9	0	rs82_slot1
i_185_m82	2	3	8	0	fab100_slot2
i_185_m82	3	5	7	0	fab100_slot3
i_185_m82	4	6	5	0	fab100_slot4
i_185_m82	5	4	4	0	fab100_slot5
i_185_m82	6	2	3	0	rs82_slot6
ia_58a_pucara	1	1	7	0	ffar_x1
ia_58a_pucara	2	3	6	0	ffar_x1
ia_58a_pucara	3	2	5	0	ffar_x1
iar_81c	1	1	7	0	210wfr
iar_81c	2	3	6	0	250kg
iar_81c	3	2	5	0	210wfr
iar_81c_db_605	1	1	7	0	210wfr
iar_81c_db_605	3	2	5	0	210wfr
iar_93b	1	1	8	0	a91_default
iar_93b	2	3	7	0	a91
iar_93b	3	5	6	0	250kg_bomb_45
iar_93b	4	4	5	0	a91
iar_93b	5	2	4	0	a91_default
il_2_1941	1	1	9	0	ros_82_slot1
il_2_1941	2	3	8	0	fab250_slot2
il_2_1941	3	5	7	0	12_25_slot3
il_2_1941	4	6	5	0	12_25_slot4
il_2_1941	5	4	4	0	fab250_slot5
il_2_1941	6	2	3	0	ros_82_slot6
il_2_1942_luftwaffe	1	1	7	0	sc50_slot1
il_2_1942_luftwaffe	2	2	5	0	sc50_slot2
il_2_m82	1	1	9	0	ros_82_slot1
il_2_m82	2	3	8	0	fab250_slot2
il_2_m82	3	5	7	0	12_25_slot3
il_2_m82	4	6	5	0	12_25_slot4
il_2_m82	5	4	4	0	fab250_slot5
il_2_m82	6	2	3	0	ros_82_slot6
il_28sh	1	1	12	0	ub16
il_28sh	2	3	11	0	ub16
il_28sh	3	5	10	0	ub16
il_28sh	4	7	9	0	ub16
il_28sh	5	9	8	0	ub16
il_28sh	6	11	7	0	ub16
il_28sh	7	13	6	0	fab100_x12
il_28sh	8	12	5	0	ub16
il_28sh	9	10	4	0	ub16
il_28sh	10	8	3	0	ub16
il_28sh	11	6	2	0	ub16
il_28sh	12	4	1	0	ub16
il_28sh	13	2	0	0	ub16
il_2m_1943	1	1	9	0	ros_82_slot1
il_2m_1943	2	3	8	0	fab250_slot2
il_2m_1943	3	5	7	0	12_25_slot3
il_2m_1943	4	6	5	0	12_25_slot4
il_2m_1943	5	4	4	0	fab250_slot5
il_2m_1943	6	2	3	0	ros_82_slot6
il_8_1944	2	3	8	0	fab50_slot2
il_8_1944	3	5	7	0	fab50_x2_slot3
il_8_1944	4	6	5	0	fab50_x2_slot4
il_8_1944	5	4	4	0	fab50_slot5
il-10	1	1	9	0	rs82_slot1
il-10	2	2	8	0	rs82_slot2
il-10	3	3	7	0	fab50
il-10	4	4	5	0	fab50
il-10	5	5	4	0	rs82_slot5
il-10	6	6	3	0	rs82_slot6
il-10_1946	1	1	9	0	rs82_slot1
il-10_1946	2	2	8	0	rs82_slot2
il-10_1946	3	3	7	0	fab50
il-10_1946	4	4	5	0	fab50
il-10_1946	5	5	4	0	rs82_slot5
il-10_1946	6	6	3	0	rs82_slot6
il-10_1946_china	1	1	9	0	rs82_slot1
il-10_1946_china	2	2	8	0	rs82_slot2
il-10_1946_china	3	3	7	0	fab50
il-10_1946_china	4	4	5	0	fab50
il-10_1946_china	5	5	4	0	rs82_slot5
il-10_1946_china	6	6	3	0	rs82_slot6
il-10_1946_hungary	1	1	9	0	rs82_slot1
il-10_1946_hungary	2	2	8	0	rs82_slot2
il-10_1946_hungary	3	3	7	0	fab50
il-10_1946_hungary	4	4	5	0	fab50
il-10_1946_hungary	5	5	4	0	rs82_slot5
il-10_1946_hungary	6	6	3	0	rs82_slot6
il-2i	1	1	9	0	ros_82_slot1
il-2i	2	3	8	0	fab250_slot2
il-2i	3	5	7	0	12_25_slot3
il-2i	4	6	5	0	12_25_slot4
il-2i	5	4	4	0	fab250_slot5
il-2i	6	2	3	0	ros_82_slot6
il-2m	1	1	9	0	ros_82_slot1
il-2m	2	3	8	0	fab250_slot2
il-2m	3	5	7	0	12_25_slot3
il-2m	4	6	5	0	12_25_slot4
il-2m	5	4	4	0	fab250_slot5
il-2m	6	2	3	0	ros_82_slot6
il-4	1	1	7	0	fab250_external
il-4	2	4	6	0	fab50
il-4	3	3	5	0	fab250
il-4	4	2	4	0	fab250_external
j_10a	1	1	11	0	pl5e_2_default
j_10a	2	3	10	0	pl5e_2
j_10a	3	5	9	0	pl5e_2
j_10a	4	7	8	0	250_3
j_10a	5	9	7	0	250_3
j_10a	6	11	6	0	250_3
j_10a	7	10	5	0	k_adc03a
j_10a	8	8	4	0	250_3
j_10a	9	6	3	0	pl5e_2
j_10a	10	4	2	0	pl5e_2
j_10a	11	2	1	0	pl5e_2_default
j_10c	1	1	11	0	pl8_default
j_10c	2	3	10	0	pl8
j_10c	3	5	9	0	pl8
j_10c	4	7	8	0	250_3_slot4
j_10c	5	9	7	0	ch_kd88_datalink_pod
j_10c	6	11	6	0	pl12_x2_default_slot6
j_10c	7	10	5	0	yings_3a
j_10c	8	8	4	0	250_3_slot8
j_10c	9	6	3	0	pl8
j_10c	10	4	2	0	pl8
j_10c	11	2	1	0	pl8_default
j_11	1	1	11	0	r73_default
j_11	2	3	10	0	r73
j_11	3	5	9	0	r73
j_11	4	7	8	0	r27r_slot4
j_11	5	10	7	0	r27r_fuse_slot5
j_11	6	9	5	0	r27r_fuse_slot6
j_11	7	8	4	0	r27r_slot7
j_11	8	6	3	0	r73
j_11	9	4	2	0	r73
j_11	10	2	1	0	r73_default
j_11a	1	1	11	0	r73_default
j_11a	2	3	10	0	r73
j_11a	3	5	9	0	r73
j_11a	4	7	8	0	r27r_slot4
j_11a	5	10	7	0	r27r_fuse_slot5
j_11a	6	9	5	0	r27r_fuse_slot6
j_11a	7	8	4	0	r27r_slot7
j_11a	8	6	3	0	r73
j_11a	9	4	2	0	r73
j_11a	10	2	1	0	r73_default
j_11b	1	7	11	0	pl8_slot1_default
j_11b	2	5	10	0	pl8_slot2
j_11b	3	3	9	0	pl8_slot3
j_11b	4	9	8	0	pl12_slot4_default
j_11b	5	1	7	0	pl12_slot5
j_11b	6	2	5	0	pl12_slot6
j_11b	7	10	4	0	pl12_slot7_default
j_11b	8	4	3	0	pl8_slot8
j_11b	9	6	2	0	pl8_slot9
j_11b	10	8	1	0	pl8_slot10_default
j_15t	1	13	12	0	pl8b_default
j_15t	2	11	11	0	pl8b_slot2
j_15t	3	7	10	0	pl8b_slot3
j_15t	4	5	9	0	pl12_slot4
j_15t	5	15	8	0	ch_kd88_datalink_pod
j_15t	6	1	7	0	pl12_slot6
j_15t	7	2	5	0	pl12_slot7
j_15t	8	16	4	0	k_adc03a
j_15t	9	6	3	0	pl12_slot9
j_15t	10	8	2	0	pl8b_slot10
j_15t	11	12	1	0	pl8b_slot11
j_15t	12	14	0	0	pl8b_default
j_22m1a	1	1	8	0	plab_350m_73_slot1
j_22m1a	2	3	7	0	plab_350m_73_slot2
j_22m1a	3	5	6	0	plab_350m_73_slot3
j_22m1a	4	4	5	0	plab_350m_73_slot4
j_22m1a	5	2	4	0	plab_350m_73_slot5
j_7_mk2	1	1	7	0	pl2
j_7_mk2	3	2	5	0	pl2
j_7d	1	1	8	0	pl2
j_7d	2	3	7	0	pl2
j_7d	4	4	5	0	pl2
j_7d	5	2	4	0	pl2
j_7e	1	1	8	0	pl2
j_7e	2	3	7	0	pl2
j_7e	4	4	5	0	pl2
j_7e	5	2	4	0	pl2
j_8b	1	1	9	0	hf_6_type90_heat
j_8b	2	3	8	0	pl5b
j_8b	3	5	7	0	default_pl5b
j_8b	4	7	6	0	250kg_mk_82_x6
j_8b	5	6	5	0	default_pl5b
j_8b	6	4	4	0	pl5b
j_8b	7	2	3	0	hf_6_type90_heat
j_8f	1	1	9	0	pl5b
j_8f	2	3	8	0	pl5b
j_8f	3	5	7	0	pl5b
j_8f	4	7	6	0	250kg_mk_82_x6
j_8f	5	6	5	0	pl5b
j_8f	6	4	4	0	pl5b
j_8f	7	2	3	0	pl5b
j_8f_missile_test	1	1	9	0	pl8
j_8f_missile_test	2	3	8	0	pl12
j_8f_missile_test	3	5	7	0	pl8
j_8f_missile_test	5	6	5	0	pl8
j_8f_missile_test	6	4	4	0	pl12
j_8f_missile_test	7	2	3	0	pl8
jaguar_a	1	1	8	0	r_550_magic_1
jaguar_a	2	3	7	0	fr_250_samp_type_25_x3
jaguar_a	3	5	6	0	fr_250_samp_type_25_x3
jaguar_a	4	4	5	0	fr_250_samp_type_25_x3
jaguar_a	5	2	4	0	r_550_magic_1
jaguar_e	1	1	8	0	r_550_magic_1
jaguar_e	2	3	7	0	fr_250_samp_type_25_x3
jaguar_e	3	5	6	0	fr_250_samp_type_25_x3
jaguar_e	4	4	5	0	fr_250_samp_type_25_x3
jaguar_e	5	2	4	0	r_550_magic_1
jaguar_gr1	1	1	8	0	aim9g
jaguar_gr1	2	3	7	0	uk_540lbs_x2
jaguar_gr1	3	5	6	0	uk_540lbs_x2_fuse
jaguar_gr1	4	4	5	0	uk_540lbs_x2
jaguar_gr1	5	2	4	0	aim9g
jaguar_gr1a	1	1	9	0	uk_540lbs
jaguar_gr1a	2	3	8	0	uk_540lbs_x2
jaguar_gr1a	3	5	7	0	aim9g
jaguar_gr1a	4	7	6	0	uk_540lbs_x2_fuse
jaguar_gr1a	5	6	5	0	aim9g
jaguar_gr1a	6	4	4	0	uk_540lbs_x2
jaguar_gr1a	7	2	3	0	uk_540lbs
jaguar_is	1	1	10	0	uk_540lbs
jaguar_is	2	3	9	0	uk_540lbs_x2
jaguar_is	3	5	8	0	r550_magic_2_left
jaguar_is	4	7	6	0	uk_540lbs_x2_fuse
jaguar_is	5	8	5	0	litening_pod
jaguar_is	6	6	4	0	r550_magic_2_right
jaguar_is	7	4	3	0	uk_540lbs_x2
jaguar_is	8	2	2	0	uk_540lbs
jf_17	1	1	9	0	pl5e_default
jf_17	2	3	8	0	hydra_70_m270_x2_slot2
jf_17	3	5	7	0	hydra_70_m270_slot3
jf_17	4	7	6	0	mk82_slot4
jf_17	5	6	5	0	hydra_70_m270_slot5
jf_17	6	4	4	0	hydra_70_m270_x2_slot6
jf_17	7	2	3	0	pl5e_default
jh_7	1	1	10	0	pl5b_wing
jh_7	2	3	9	0	hf_6_type90_heat
jh_7	3	5	8	0	hf_6_type90_heat
jh_7	5	6	5	0	hf_6_type90_heat
jh_7	6	4	4	0	hf_6_type90_heat
jh_7	7	2	3	0	pl5b_wing
jh_7a	1	1	11	0	pl5b_wing
jh_7a	2	3	10	0	pl5b
jh_7a	3	5	9	0	hf_6_type90_heat
jh_7a	4	7	8	0	hf_6_type90_heat
jh_7a	5	9	7	0	k_adc03a
jh_7a	7	8	4	0	hf_6_type90_heat
jh_7a	8	6	3	0	hf_6_type90_heat
jh_7a	9	4	2	0	pl5b
jh_7a	10	2	1	0	pl5b_wing
jh_7a_killstreak	1	1	11	0	pl5e_wing
jh_7a_killstreak	2	3	10	0	pl5e
jh_7a_killstreak	4	7	8	0	kb1
jh_7a_killstreak	9	4	2	0	pl5e
jh_7a_killstreak	10	2	1	0	pl5e_wing
jh_7a_prototype	1	1	11	0	pl5b_wing
jh_7a_prototype	2	3	10	0	pl5b
jh_7a_prototype	3	5	9	0	hf_6_type90_heat
jh_7a_prototype	4	7	8	0	hf_6_type90_heat
jh_7a_prototype	5	9	7	0	k_adc03a
jh_7a_prototype	7	8	4	0	hf_6_type90_heat
jh_7a_prototype	8	6	3	0	hf_6_type90_heat
jh_7a_prototype	9	4	2	0	pl5b
jh_7a_prototype	10	2	1	0	pl5b_wing
jh_7a2	1	1	12	0	pl5b_slot1
jh_7a2	2	3	11	0	pl5b_slot2
jh_7a2	3	5	10	0	pl12_slot3
jh_7a2	4	7	9	0	hf6_slot4
jh_7a2	5	9	8	0	hf6_slot5
jh_7a2	6	11	7	0	k_adc03a
jh_7a2	8	10	4	0	hf6_slot8
jh_7a2	9	8	3	0	hf6_slot9
jh_7a2	10	6	2	0	pl12_slot10
jh_7a2	11	4	1	0	pl5b_slot11
jh_7a2	12	2	0	0	pl5b_wing_slot12
ju-188a-2	1	1	9	0	sc250
ju-188a-2	2	3	8	0	sc250
ju-188a-2	3	5	7	0	sc250
ju-188a-2	4	7	6	0	10sc50
ju-188a-2	5	6	5	0	sc250
ju-188a-2	6	4	4	0	sc250
ju-188a-2	7	2	3	0	sc250
ju-288c	1	1	7	0	sc50_slot1
ju-288c	2	2	5	0	sc50_slot2
ju-87b-2	1	1	7	0	50kg_x2_slot1
ju-87b-2	2	5	6	0	250kg
ju-87b-2	3	2	5	0	50kg_x2_slot3
ju-87d-3	1	1	7	0	50kg_x2_slot1
ju-87d-3	2	3	6	0	250kg_slot2
ju-87d-3	3	2	5	0	50kg_x2_slot3
ju-87d-3_italy	1	1	7	0	50kg_x2_slot1
ju-87d-3_italy	2	5	6	0	250kg_slot2
ju-87d-3_italy	3	2	5	0	50kg_x2_slot3
ju-87d-5	1	1	7	0	50kg_x2_slot1
ju-87d-5	2	5	6	0	250kg_slot2
ju-87d-5	3	2	5	0	50kg_x2_slot3
ju-87r-2	1	1	6	0	250kg
ju-87r-2_italy	1	1	7	0	50kg_x2_slot1
ju-87r-2_italy	2	5	6	0	250kg
ju-87r-2_italy	3	2	5	0	50kg_x2_slot3
ju-87r-2_snake	1	1	6	0	250kg
ju-88a-1	1	1	8	0	sc250
ju-88a-1	2	3	7	0	sc250
ju-88a-1	3	5	6	0	10sc50
ju-88a-1	4	4	5	0	sc250
ju-88a-1	5	2	4	0	sc250
ju-88a-4	1	1	8	0	sc250
ju-88a-4	2	3	7	0	sc250
ju-88a-4	3	5	6	0	10sc50
ju-88a-4	4	4	5	0	sc250
ju-88a-4	5	2	4	0	sc250
ju-88a-4_finland	1	1	8	0	sc250
ju-88a-4_finland	2	3	7	0	sc250
ju-88a-4_finland	3	5	6	0	10sc50
ju-88a-4_finland	4	4	5	0	sc250
ju-88a-4_finland	5	2	4	0	sc250
kfir_c10_colombia	1	1	10	0	python3_default
kfir_c10_colombia	2	3	9	0	python3
kfir_c10_colombia	3	5	8	0	pylon_f5_us_500lb_mk_82_ldgp
kfir_c10_colombia	4	7	7	0	pylon_c2_us_500lb_mk_82_ldgp
kfir_c10_colombia	5	9	6	0	napgach_us_500lb_mk_82_ldgp_x5
kfir_c10_colombia	6	8	5	0	pylon_c2_us_500lb_mk_82_ldgp
kfir_c10_colombia	7	6	4	0	pylon_f5_us_500lb_mk_82_ldgp
kfir_c10_colombia	8	4	3	0	python3
kfir_c10_colombia	9	2	2	0	python3_default
kfir_c2	1	1	9	0	shafrir_2
kfir_c2	2	3	8	0	lau_3a_ffar_mighty_mouse_x3
kfir_c2	3	5	7	0	pylon_c2_f5_us_500lb_mk_82_ldgp
kfir_c2	4	7	6	0	napgach_us_500lb_mk_82_ldgp_x5
kfir_c2	5	6	5	0	pylon_c2_f5_us_500lb_mk_82_ldgp
kfir_c2	6	4	4	0	lau_3a_ffar_mighty_mouse_x3
kfir_c2	7	2	3	0	shafrir_2
kfir_c7	1	1	9	0	shafrir_2_default
kfir_c7	2	3	8	0	shafrir_2
kfir_c7	3	5	7	0	pylon_c2_f5_us_500lb_mk_82_ldgp
kfir_c7	4	7	6	0	napgach_us_500lb_mk_82_ldgp_x5
kfir_c7	5	6	5	0	pylon_c2_f5_us_500lb_mk_82_ldgp
kfir_c7	6	4	4	0	shafrir_2
kfir_c7	7	2	3	0	shafrir_2_default
kfir_canard	1	1	9	0	shafrir_2
kfir_canard	2	3	8	0	lau_3a_ffar_mighty_mouse_x3
kfir_canard	3	5	7	0	pylon_f5_us_500lb_mk_82_ldgp
kfir_canard	4	7	6	0	napgach_us_500lb_mk_82_ldgp_x5
kfir_canard	5	6	5	0	pylon_f5_us_500lb_mk_82_ldgp
kfir_canard	6	4	4	0	lau_3a_ffar_mighty_mouse_x3
kfir_canard	7	2	3	0	shafrir_2
kitsuka	1	1	6	0	500kg
l_39za	1	1	8	0	ub16_slot1
l_39za	2	3	7	0	ub16_slot2
l_39za	4	4	5	0	ub16_slot4
l_39za	5	2	4	0	ub16_slot5
l_39za_art_thailand	1	1	8	0	lau61_slot1
l_39za_art_thailand	2	3	7	0	lau61_slot2
l_39za_art_thailand	4	4	5	0	lau61_slot4
l_39za_art_thailand	5	2	4	0	lau61_slot5
lagg-3-11	1	1	8	0	rs82_slot1
lagg-3-11	2	7	7	0	fab50_slot2
lagg-3-11	3	4	5	0	fab50_slot3
lagg-3-11	4	2	4	0	rs82_slot4
lagg-3-23	1	1	8	0	rs82_slot1
lagg-3-23	2	7	7	0	fab50_slot2
lagg-3-23	3	4	5	0	fab50_slot3
lagg-3-23	4	2	4	0	rs82_slot4
lagg-3-29	1	1	8	0	rs82_slot1
lagg-3-29	2	7	7	0	fab50_slot2
lagg-3-29	3	4	5	0	fab50_slot3
lagg-3-29	4	2	4	0	rs82_slot4
lagg-3-35	1	1	8	0	rs82_slot1
lagg-3-35	2	7	7	0	fab50_slot2
lagg-3-35	3	4	5	0	fab50_slot3
lagg-3-35	4	2	4	0	rs82_slot4
lagg-3-66	1	1	8	0	rs82_slot1
lagg-3-66	2	7	7	0	fab50_slot2
lagg-3-66	3	4	5	0	fab50_slot3
lagg-3-66	4	2	4	0	rs82_slot4
late_298d	1	1	6	0	75kg_g2_x2
leo_451_early	1	1	7	0	100kg_wing
leo_451_early	2	3	6	0	50kg
leo_451_early	3	2	5	0	100kg_wing
leo_451_late	1	1	7	0	100kg_wing
leo_451_late	2	3	6	0	50kg
leo_451_late	3	2	5	0	100kg_wing
lightning_f53	1	1	8	0	matra_155
lightning_f53	2	3	7	0	jl_100r
lightning_f53	3	5	6	0	firestreak
lightning_f53	4	4	5	0	jl_100r
lightning_f53	5	2	4	0	matra_155
m_346fa	1	1	9	0	aim_9l_slot1
m_346fa	2	3	8	0	aim_9l_slot2
m_346fa	3	5	7	0	lau_32_fz_slot3
m_346fa	4	7	6	0	sniper_pod
m_346fa	5	6	5	0	lau_32_fz_slot5
m_346fa	6	4	4	0	aim_9l_slot6
m_346fa	7	2	3	0	aim_9l_slot7
marut_mk1	1	52	8	0	matra_121_slot1
marut_mk1	2	54	7	0	matra_121_slot2
marut_mk1	3	1	6	0	matra105
marut_mk1	4	55	5	0	matra_121_slot4
marut_mk1	5	53	4	0	matra_121_slot5
mb_326b	1	1	9	0	hvar_slot1
mb_326b	2	3	8	0	hvar_slot2
mb_326b	3	5	7	0	hvar_slot3
mb_326b	4	6	5	0	hvar_slot4
mb_326b	5	4	4	0	hvar_slot5
mb_326b	6	2	3	0	hvar_slot6
mb_326k	1	1	9	0	lau_51
mb_326k	2	3	8	0	lau_51
mb_326k	3	5	7	0	lau_51
mb_326k	4	6	5	0	lau_51
mb_326k	5	4	4	0	lau_51
mb_326k	6	2	3	0	lau_51
me_210_v22_japan	1	1	8	0	sc50_slot1
me_210_v22_japan	2	3	7	0	sc50_slot2
me_210_v22_japan	3	5	6	0	sc50_slot3
me_210_v22_japan	4	4	5	0	sc50_slot4
me_210_v22_japan	5	2	4	0	sc50_slot5
me_210a_1	1	1	8	0	sc50_slot1
me_210a_1	2	3	7	0	sc50_slot2
me_210a_1	3	5	6	0	sc50_slot3
me_210a_1	4	4	5	0	sc50_slot4
me_210a_1	5	2	4	0	sc50_slot5
me_210ca_1_40_mm_hungary	1	1	9	0	de_wgr41_slot1
me_210ca_1_40_mm_hungary	2	3	8	0	sc50_slot2
me_210ca_1_40_mm_hungary	3	5	7	0	sc50_slot3
me_210ca_1_40_mm_hungary	4	6	5	0	sc50_slot4
me_210ca_1_40_mm_hungary	5	4	4	0	sc50_slot5
me_210ca_1_40_mm_hungary	6	2	3	0	de_wgr41_slot6
me_210ca_1_hungary	1	1	8	0	sc50_slot1
me_210ca_1_hungary	2	3	7	0	sc50_slot2
me_210ca_1_hungary	3	5	6	0	sc50_slot3
me_210ca_1_hungary	4	4	5	0	sc50_slot4
me_210ca_1_hungary	5	2	4	0	sc50_slot5
me_264	1	3	7	0	sc250_slot1
me_264	2	2	6	0	sc250_slot2
me_264	3	1	5	0	sc250_slot3
meteor_fmk8_belgium	1	1	7	0	rp_3_slot1
meteor_fmk8_belgium	3	2	5	0	rp_3_slot3
mig_21_2000_iaf	1	1	8	0	r60
mig_21_2000_iaf	2	3	7	0	r60
mig_21_2000_iaf	3	5	6	0	litening_pod
mig_21_2000_iaf	4	4	5	0	r60
mig_21_2000_iaf	5	2	4	0	r60
mig_21_bis_finland	1	1	8	0	r3s_default
mig_21_bis_finland	2	3	7	0	r3s
mig_21_bis_finland	4	4	5	0	r3s
mig_21_bis_finland	5	2	4	0	r3s_default
mig_23bn	1	1	9	0	x23m
mig_23bn	2	3	8	0	fab_100
mig_23bn	3	5	7	0	ub_16_57_s5k
mig_23bn	5	6	5	0	ub_16_57_s5k
mig_23bn	6	4	4	0	fab_100
mig_23bn	7	2	3	0	x23m
mig_23m	1	1	8	0	r_13m1
mig_23m	2	3	7	0	r_13m1
mig_23m	4	4	5	0	r_13m1
mig_23m	5	2	4	0	r_13m1
mig_23mf_germany	1	1	8	0	r_13m1
mig_23mf_germany	2	3	7	0	r_13m1
mig_23mf_germany	4	4	5	0	r_13m1
mig_23mf_germany	5	2	4	0	r_13m1
mig_23mf_hungary	1	1	8	0	r_13m1
mig_23mf_hungary	2	3	7	0	r_13m1
mig_23mf_hungary	4	4	5	0	r_13m1
mig_23mf_hungary	5	2	4	0	r_13m1
mig_23ml	1	1	8	0	default_r_13m1
mig_23ml	2	3	7	0	r_13m1
mig_23ml	4	4	5	0	r_13m1
mig_23ml	5	2	4	0	default_r_13m1
mig_23mla	1	1	8	0	default_r_13m1
mig_23mla	2	3	7	0	r_13m1
mig_23mla	4	4	5	0	r_13m1
mig_23mla	5	2	4	0	default_r_13m1
mig_23mld	1	1	8	0	default_r_13m1
mig_23mld	2	3	7	0	r_13m1
mig_23mld	4	4	5	0	r_13m1
mig_23mld	5	2	4	0	default_r_13m1
mig_25pd	1	1	8	0	r_60m_x2_slot1
mig_25pd	2	3	7	0	r_40rd_default_slot2
mig_25pd	4	4	5	0	r_40rd_default_slot4
mig_25pd	5	2	4	0	r_60m_x2_slot5
mig_27k	1	1	9	0	default_r_13m1
mig_27k	2	3	8	0	fab_100
mig_27k	3	5	7	0	ub_32a_24_s5k
mig_27k	4	7	6	0	ofab100_120
mig_27k	5	6	5	0	delta_ng
mig_27k	6	4	4	0	fab_100
mig_27k	7	2	3	0	default_r_13m1
mig_27m	1	1	9	0	default_r_13m1
mig_27m	2	3	8	0	fab_100
mig_27m	3	5	7	0	ub_32a_24_s5k
mig_27m	4	7	6	0	ofab100_120
mig_27m	5	6	5	0	delta_ng
mig_27m	6	4	4	0	fab_100
mig_27m	7	2	3	0	default_r_13m1
mig_29_9_12	1	1	9	0	default_r60
mig_29_9_12	2	3	8	0	r60
mig_29_9_12	3	5	7	0	r60
mig_29_9_12	5	6	5	0	r60
mig_29_9_12	6	4	4	0	r60
mig_29_9_12	7	2	3	0	default_r60
mig_29_9_12_germany	1	1	9	0	default_r60
mig_29_9_12_germany	2	3	8	0	r60
mig_29_9_12_germany	3	5	7	0	r60
mig_29_9_12_germany	5	6	5	0	r60
mig_29_9_12_germany	6	4	4	0	r60
mig_29_9_12_germany	7	2	3	0	default_r60
mig_29_9_12_sniper	1	1	9	0	default_r60mk
mig_29_9_12_sniper	2	3	8	0	r60mk
mig_29_9_12_sniper	3	5	7	0	r60mk
mig_29_9_12_sniper	5	6	5	0	r60mk
mig_29_9_12_sniper	6	4	4	0	r60mk
mig_29_9_12_sniper	7	2	3	0	default_r60mk
mig_29_9_12b_hungary	1	1	9	0	default_r60
mig_29_9_12b_hungary	2	3	8	0	r60
mig_29_9_12b_hungary	3	5	7	0	r60
mig_29_9_12b_hungary	5	6	5	0	r60
mig_29_9_12b_hungary	6	4	4	0	r60
mig_29_9_12b_hungary	7	2	3	0	default_r60
mig_29_9_12g	1	1	9	0	r73_default
mig_29_9_12g	2	3	8	0	r73
mig_29_9_12g	3	5	7	0	r73
mig_29_9_12g	5	6	5	0	r73
mig_29_9_12g	6	4	4	0	r73
mig_29_9_12g	7	2	3	0	r73_default
mig_29_9_13	1	1	9	0	r73_default
mig_29_9_13	2	3	8	0	r73
mig_29_9_13	3	5	7	0	r73
mig_29_9_13	5	6	5	0	r73
mig_29_9_13	6	4	4	0	r73
mig_29_9_13	7	2	3	0	r73_default
mig_29kr_9_41r	1	1	10	0	r73_default
mig_29kr_9_41r	2	3	9	0	r77_default
mig_29kr_9_41r	3	5	8	0	r73
mig_29kr_9_41r	4	7	7	0	r73
mig_29kr_9_41r	6	8	5	0	r73
mig_29kr_9_41r	7	6	4	0	r73
mig_29kr_9_41r	8	4	3	0	r77_default
mig_29kr_9_41r	9	2	2	0	r73_default
mig_29m_9_15	1	1	10	0	r73_default
mig_29m_9_15	2	3	9	0	r77_default
mig_29m_9_15	3	5	8	0	r73
mig_29m_9_15	4	7	7	0	r73
mig_29m_9_15	6	8	5	0	r73
mig_29m_9_15	7	6	4	0	r73
mig_29m_9_15	8	4	3	0	r77_default
mig_29m_9_15	9	2	2	0	r73_default
mig_29n	1	1	9	0	r73_default
mig_29n	2	3	8	0	r73
mig_29n	3	5	7	0	r73
mig_29n	5	6	5	0	r73
mig_29n	6	4	4	0	r73
mig_29n	7	2	3	0	r73_default
mig_29smt_9_19	1	1	9	0	r73_default
mig_29smt_9_19	2	3	8	0	r73
mig_29smt_9_19	3	5	7	0	r73
mig_29smt_9_19	5	6	5	0	r73
mig_29smt_9_19	6	4	4	0	r73
mig_29smt_9_19	7	2	3	0	r73_default
mig_29smt_9_19_killstreak	1	1	9	0	r73_default
mig_29smt_9_19_killstreak	2	3	8	0	r77_default
mig_29smt_9_19_killstreak	3	5	7	0	rn_40
mig_29smt_9_19_killstreak	6	4	4	0	r77_default
mig_29smt_9_19_killstreak	7	2	3	0	r73_default
mig_29smt_9_19_missile_test	1	1	9	0	r73_default
mig_29smt_9_19_missile_test	2	3	8	0	r77_default
mig_29smt_9_19_missile_test	3	5	7	0	r73
mig_29smt_9_19_missile_test	5	6	5	0	r73
mig_29smt_9_19_missile_test	6	4	4	0	r73
mig_29smt_9_19_missile_test	7	2	3	0	r73_default
mig-19j_6a	1	1	9	0	pl2
mig-19j_6a	2	3	8	0	oro57
mig-19j_6a	3	5	7	0	oro57
mig-19j_6a	4	6	5	0	oro57
mig-19j_6a	5	4	4	0	oro57
mig-19j_6a	6	2	3	0	pl2
mig-19pt	1	1	9	0	r3s
mig-19pt	2	3	8	0	oro57
mig-19pt	3	5	7	0	oro57
mig-19pt	4	6	5	0	oro57
mig-19pt	5	4	4	0	oro57
mig-19pt	6	2	3	0	r3s
mig-19s	1	1	8	0	oro57
mig-19s	2	3	7	0	oro57
mig-19s	3	4	5	0	oro57
mig-19s	4	2	4	0	oro57
mig-21_bis	1	1	8	0	r3s_default
mig-21_bis	2	3	7	0	r3s
mig-21_bis	4	4	5	0	r3s
mig-21_bis	5	2	4	0	r3s_default
mig-21_bis_event	1	1	8	0	r3r
mig-21_bis_event	2	3	7	0	r3r_default
mig-21_bis_event	4	4	5	0	r3r_default
mig-21_bis_event	5	2	4	0	r3r
mig-21_bis_sau	1	1	8	0	r3s_default
mig-21_bis_sau	2	3	7	0	r3s
mig-21_bis_sau	4	4	5	0	r3s
mig-21_bis_sau	5	2	4	0	r3s_default
mig-21_bis_sau_hungary	1	1	8	0	r3s_default
mig-21_bis_sau_hungary	2	3	7	0	r3s
mig-21_bis_sau_hungary	4	4	5	0	r3s
mig-21_bis_sau_hungary	5	2	4	0	r3s_default
mig-21_bison	1	1	8	0	r73
mig-21_bison	2	3	7	0	r27r
mig-21_bison	4	4	5	0	r27r
mig-21_bison	5	2	4	0	r73
mig-21_f13	1	1	7	0	r3s
mig-21_f13	3	2	5	0	r3s
mig-21_mf	1	1	8	0	r3s
mig-21_mf	2	3	7	0	r3s_default
mig-21_mf	4	4	5	0	r3s_default
mig-21_mf	5	2	4	0	r3s
mig-21_mf_hungary	1	1	8	0	r3s
mig-21_mf_hungary	2	3	7	0	r3s_default
mig-21_mf_hungary	4	4	5	0	r3s_default
mig-21_mf_hungary	5	2	4	0	r3s
mig-21_pfm	1	2	7	0	r3s
mig-21_pfm	3	1	5	0	r3s
mig-21_s	1	1	8	0	r3s
mig-21_s	2	3	7	0	r3s_default
mig-21_s	4	4	5	0	r3s_default
mig-21_s	5	2	4	0	r3s
mig-21_smt	1	1	8	0	r3s
mig-21_smt	2	3	7	0	r3s_default
mig-21_smt	4	4	5	0	r3s_default
mig-21_smt	5	2	4	0	r3s
mig-21_sps_k	1	1	7	0	r3s
mig-21_sps_k	3	2	5	0	r3s
mirage_2000_5ei	1	1	10	0	r550_magic_2_default
mirage_2000_5ei	2	3	9	0	r550_magic_2
mirage_2000_5ei	3	5	8	0	mica_em_default
mirage_2000_5ei	4	7	7	0	mica_em
mirage_2000_5ei	6	8	5	0	mica_em
mirage_2000_5ei	7	6	4	0	mica_em_default
mirage_2000_5ei	8	4	3	0	r550_magic_2
mirage_2000_5ei	9	2	2	0	r550_magic_2_default
mirage_2000_5f	1	1	10	0	r550_magic_2_default
mirage_2000_5f	2	3	9	0	r550_magic_2
mirage_2000_5f	3	5	8	0	mica_em_default
mirage_2000_5f	4	7	7	0	mica_em
mirage_2000_5f	5	9	6	0	bomb_250
mirage_2000_5f	6	8	5	0	mica_em
mirage_2000_5f	7	6	4	0	mica_em_default
mirage_2000_5f	8	4	3	0	r550_magic_2
mirage_2000_5f	9	2	2	0	r550_magic_2_default
mirage_2000_5f_missile_test	1	1	10	0	r550_magic_2_default
mirage_2000_5f_missile_test	3	5	8	0	mica_em_default
mirage_2000_5f_missile_test	4	7	7	0	mica_em
mirage_2000_5f_missile_test	6	8	5	0	mica_em
mirage_2000_5f_missile_test	7	6	4	0	mica_em_default
mirage_2000_5f_missile_test	9	2	2	0	r550_magic_2_default
mirage_2000c_s4	1	1	10	0	r550_magic_1
mirage_2000c_s4	2	3	9	0	matra_super_530f
mirage_2000c_s4	3	5	8	0	bomb_250
mirage_2000c_s4	4	7	7	0	bomb_250
mirage_2000c_s4	5	9	6	0	bomb_250
mirage_2000c_s4	6	8	5	0	bomb_250
mirage_2000c_s4	7	6	4	0	bomb_250
mirage_2000c_s4	8	4	3	0	matra_super_530f
mirage_2000c_s4	9	2	2	0	r550_magic_1
mirage_2000c_s5	1	1	10	0	r550_magic_1
mirage_2000c_s5	2	3	9	0	matra_super_530f
mirage_2000c_s5	3	5	8	0	bomb_250
mirage_2000c_s5	4	7	7	0	bomb_250
mirage_2000c_s5	5	9	6	0	bomb_250
mirage_2000c_s5	6	8	5	0	bomb_250
mirage_2000c_s5	7	6	4	0	bomb_250
mirage_2000c_s5	8	4	3	0	matra_super_530f
mirage_2000c_s5	9	2	2	0	r550_magic_1
mirage_2000d_r1	1	1	10	0	r550_magic_2
mirage_2000d_r1	2	3	9	0	bomb_250_default
mirage_2000d_r1	3	5	8	0	bomb_250
mirage_2000d_r1	4	7	7	0	bomb_250
mirage_2000d_r1	5	9	6	0	bomb_250_default
mirage_2000d_r1	6	8	5	0	bomb_250
mirage_2000d_r1	7	6	4	0	bomb_250
mirage_2000d_r1	8	4	3	0	bomb_250_default
mirage_2000d_r1	9	2	2	0	r550_magic_2
mirage_2000d_rmv	1	1	10	0	r550_magic_2
mirage_2000d_rmv	2	3	9	0	lr_f4
mirage_2000d_rmv	3	5	8	0	fr_250_slot3
mirage_2000d_rmv	4	7	7	0	fr_250_slot4
mirage_2000d_rmv	5	9	6	0	fr_250_slot5
mirage_2000d_rmv	6	8	5	0	fr_250_slot6
mirage_2000d_rmv	7	6	4	0	fr_250_slot7
mirage_2000d_rmv	8	4	3	0	lr_f4
mirage_2000d_rmv	9	2	2	0	r550_magic_2
mirage_3c	1	1	9	0	aim_9b
mirage_3c	2	3	8	0	jl_100r
mirage_3c	4	5	6	0	pm3_fr_250
mirage_3c	5	7	5	0	booster
mirage_3c	6	4	4	0	jl_100r
mirage_3c	7	2	3	0	aim_9b
mirage_3cj	1	1	7	0	shafrir_2
mirage_3cj	2	3	6	0	pm3_fr_250
mirage_3cj	3	2	5	0	shafrir_2
mirage_3e	1	1	9	0	aim_9b
mirage_3e	2	3	8	0	jl_100r
mirage_3e	4	5	6	0	pm3_fr_250
mirage_3e	5	7	5	0	booster
mirage_3e	6	4	4	0	jl_100r
mirage_3e	7	2	3	0	aim_9b
mirage_3s_c70_switzerland	1	1	10	0	sws_flz_lwf_63_75
mirage_3s_c70_switzerland	3	5	8	0	sws_flz_lwf_ll_64
mirage_3s_c70_switzerland	5	8	6	0	pm3_sws_400
mirage_3s_c70_switzerland	6	7	5	0	booster
mirage_3s_c70_switzerland	7	6	4	0	sws_flz_lwf_ll_64
mirage_3s_c70_switzerland	9	2	2	0	sws_flz_lwf_63_75
mirage_4000	1	1	11	0	r550_magic_2_default
mirage_4000	2	3	10	0	r550_magic_2
mirage_4000	3	5	9	0	r550_magic_2
mirage_4000	4	7	8	0	bomb_250
mirage_4000	5	9	7	0	bomb_250
mirage_4000	6	11	6	0	bomb_250_x9
mirage_4000	7	10	5	0	bomb_250
mirage_4000	8	8	4	0	bomb_250
mirage_4000	9	6	3	0	r550_magic_2
mirage_4000	10	4	2	0	r550_magic_2
mirage_4000	11	2	1	0	r550_magic_2_default
mirage_5ba	1	1	8	0	aim_9b
mirage_5ba	2	3	7	0	jl_100r
mirage_5ba	3	5	6	0	pm3_fr_250
mirage_5ba	4	4	5	0	jl_100r
mirage_5ba	5	2	4	0	aim_9b
mirage_5f	1	1	9	0	aim_9b
mirage_5f	2	3	8	0	jl_100r
mirage_5f	3	5	7	0	fr_250kg_type_25c
mirage_5f	4	7	6	0	pm3_fr_250
mirage_5f	5	6	5	0	fr_250kg_type_25c
mirage_5f	6	4	4	0	jl_100r
mirage_5f	7	2	3	0	aim_9b
mirage_f1c	1	1	9	0	wing_left_rocket_r550_magic_1
mirage_f1c	2	3	8	0	wing_left_1_bomb_250_samp
mirage_f1c	3	5	7	0	wing_left_middle_rocket_r530_matra_ir
mirage_f1c	4	7	6	0	fuse_rocket_r530_matra_ir
mirage_f1c	5	6	5	0	wing_right_middle_rocket_r530_matra_ir
mirage_f1c	6	4	4	0	wing_right_1_bomb_250_samp
mirage_f1c	7	2	3	0	wing_right_rocket_r550_magic_1
mirage_f1c_200	1	1	9	0	wing_left_rocket_r550_magic_1
mirage_f1c_200	2	3	8	0	wing_left_1_bomb_250_samp
mirage_f1c_200	3	5	7	0	wing_left_middle_rocket_r530_matra_ir
mirage_f1c_200	4	7	6	0	fuse_rocket_r530_matra_ir
mirage_f1c_200	5	6	5	0	wing_right_middle_rocket_r530_matra_ir
mirage_f1c_200	6	4	4	0	wing_right_1_bomb_250_samp
mirage_f1c_200	7	2	3	0	wing_right_rocket_r550_magic_1
mirage_f1ct	1	1	9	0	wing_left_rocket_r550_magic_2
mirage_f1ct	2	3	8	0	wing_left_1_bomb_250_samp
mirage_f1ct	3	5	7	0	wing_left_middle_rocket_r530_matra_ir
mirage_f1ct	4	7	6	0	fuse_bomb_250_samp
mirage_f1ct	5	6	5	0	wing_right_middle_rocket_r530_matra_ir
mirage_f1ct	6	4	4	0	wing_right_1_bomb_250_samp
mirage_f1ct	7	2	3	0	wing_right_rocket_r550_magic_2
mirage_milan	1	1	8	0	aim_9b
mirage_milan	2	3	7	0	jl_100r
mirage_milan	3	5	6	0	pm3_fr_mk82
mirage_milan	4	4	5	0	jl_100r
mirage_milan	5	2	4	0	aim_9b
mosquito_b_mk16	1	1	7	0	250lb_slot1
mosquito_b_mk16	2	9	6	0	250lb_slot2
mosquito_b_mk16	3	2	5	0	250lb_slot3
nesher	1	1	9	0	shafrir_2_default
nesher	2	3	8	0	lau_3a_ffar_mighty_mouse_x2_left_wing
nesher	3	5	7	0	pylon_c2_f5_us_500lb_mk_82_ldgp
nesher	4	7	6	0	napgach_us_500lb_mk_82_ldgp_x5
nesher	5	6	5	0	pylon_c2_f5_us_500lb_mk_82_ldgp
nesher	6	4	4	0	lau_3a_ffar_mighty_mouse_x2_right_wing
nesher	7	2	3	0	shafrir_2_default
nf_5a_netherlands	1	1	9	0	aim_9j
nf_5a_netherlands	2	3	8	0	aero_7a
nf_5a_netherlands	3	5	7	0	aero_7a
nf_5a_netherlands	4	7	6	0	mer_mk81_x6
nf_5a_netherlands	5	6	5	0	aero_7a
nf_5a_netherlands	6	4	4	0	aero_7a
nf_5a_netherlands	7	2	3	0	aim_9j
nt_a_10a_early	1	1	11	0	us_aim9l_sidewinder_lm_default
nt_a_10a_early	2	3	10	0	us_hydra_70_m247
nt_a_10a_early	3	5	9	0	us_hydra_70_m247
nt_a_10a_early	4	7	8	0	us_hydra_70_m247
nt_a_10a_early	5	9	7	0	us_500lb_mk_82_ldgp
nt_a_10a_early	7	10	5	0	us_500lb_mk_82_ldgp
nt_a_10a_early	8	8	4	0	us_hydra_70_m247
nt_a_10a_early	9	6	3	0	us_hydra_70_m247
nt_a_10a_early	10	4	2	0	us_hydra_70_m247
nt_a_10a_early	11	2	1	0	us_aim9l_sidewinder_rm_default
nt_a_6e_tram	1	3	8	0	us_aim_9g
nt_a_6e_tram	2	5	7	0	us_aim_9g
nt_a_6e_tram	3	7	6	0	us_gbu_12_slot3
nt_a_6e_tram	4	6	5	0	us_aim_9g
nt_a_6e_tram	5	4	4	0	us_aim_9g
nt_a_7e	1	1	10	0	lau_3a_slot1
nt_a_7e	2	3	9	0	lau_3a_slot2
nt_a_7e	3	5	8	0	lau_3a_slot3
nt_a_7e	4	7	7	0	aim_9d
nt_a_7e	5	8	5	0	aim_9d
nt_a_7e	6	6	4	0	lau_3a_slot6
nt_a_7e	7	4	3	0	lau_3a_slot7
nt_a_7e	8	2	2	0	lau_3a_slot8
nt_f_4e	1	1	11	0	mer_lau_3a
nt_f_4e	2	3	10	0	ter_lau_3a
nt_f_4e	3	5	9	0	aim_9e_default_left_wing
nt_f_4e	4	7	8	0	aim_7e
nt_f_4e	5	9	7	0	aim_7e
nt_f_4e	6	11	6	0	mer_lau_3a
nt_f_4e	7	10	5	0	aim_7e
nt_f_4e	8	8	4	0	aim_7e
nt_f_4e	9	6	3	0	aim_9e_default_right_wing
nt_f_4e	10	4	2	0	ter_lau_3a
nt_f_4e	11	2	1	0	mer_lau_3a
nt_mig_23mld	1	1	8	0	default_r_13m1
nt_mig_23mld	2	3	7	0	r_13m1
nt_mig_23mld	4	4	5	0	r_13m1
nt_mig_23mld	5	2	4	0	default_r_13m1
nt_su_24m	1	3	10	0	wing_left_single_r_60
nt_su_24m	2	7	9	0	wing2_left_in_containers_ofab_100_120
nt_su_24m	3	9	8	0	fuse_left_containers_ofab_100_120
nt_su_24m	4	12	7	0	fuse_containers_ofab_100_120
nt_su_24m	5	11	5	0	fuse_beck_single_fab_500
nt_su_24m	6	10	4	0	fuse_right_containers_ofab_100_120
nt_su_24m	7	8	3	0	wing2_right_in_containers_ofab_100_120
nt_su_24m	8	4	2	0	wing_right_single_r_60
nt_su_25t	1	1	11	0	r_60m
nt_su_25t	2	3	10	0	r_73
nt_su_25t	3	5	9	0	s_8ko_slot3
nt_su_25t	4	7	8	0	s_8ko_slot4
nt_su_25t	5	9	7	0	s_8ko_slot5
nt_su_25t	6	11	6	0	mercury
nt_su_25t	7	10	5	0	s_8ko_slot7
nt_su_25t	8	8	4	0	s_8ko_slot8
nt_su_25t	9	6	3	0	s_8ko_slot9
nt_su_25t	10	4	2	0	r_73
nt_su_25t	11	2	1	0	r_60m
p-47d	1	1	12	0	hvar
p-47d	2	3	11	0	hvar
p-47d	3	5	10	0	hvar
p-47d	4	7	9	0	250lbs
p-47d	5	9	8	0	hvar
p-47d	6	11	7	0	hvar
p-47d	7	13	6	0	250lbs
p-47d	8	12	5	0	hvar
p-47d	9	10	4	0	hvar
p-47d	10	8	3	0	250lbs
p-47d	11	6	2	0	hvar
p-47d	12	4	1	0	hvar
p-47d	13	2	0	0	hvar
p-47d_22_re	1	1	8	0	250lbs
p-47d_22_re	2	3	7	0	m8_slot2
p-47d_22_re	3	5	6	0	250lbs
p-47d_22_re	4	4	5	0	m8_slot4
p-47d_22_re	5	2	4	0	250lbs
p-47d_30_china	1	1	12	0	hvar
p-47d_30_china	2	3	11	0	hvar
p-47d_30_china	3	5	10	0	hvar
p-47d_30_china	4	7	9	0	250lbs
p-47d_30_china	5	9	8	0	hvar
p-47d_30_china	6	11	7	0	hvar
p-47d_30_china	7	13	6	0	250lbs
p-47d_30_china	8	12	5	0	hvar
p-47d_30_china	9	10	4	0	hvar
p-47d_30_china	10	8	3	0	250lbs
p-47d_30_china	11	6	2	0	hvar
p-47d_30_china	12	4	1	0	hvar
p-47d_30_china	13	2	0	0	hvar
p-47d_30_italy	1	1	12	0	hvar
p-47d_30_italy	2	3	11	0	hvar
p-47d_30_italy	3	5	10	0	hvar
p-47d_30_italy	4	7	9	0	250lbs
p-47d_30_italy	5	9	8	0	hvar
p-47d_30_italy	6	11	7	0	hvar
p-47d_30_italy	7	13	6	0	250lbs
p-47d_30_italy	8	12	5	0	hvar
p-47d_30_italy	9	10	4	0	hvar
p-47d_30_italy	10	8	3	0	250lbs
p-47d_30_italy	11	6	2	0	hvar
p-47d_30_italy	12	4	1	0	hvar
p-47d_30_italy	13	2	0	0	hvar
p-47d-28	1	1	12	0	hvar
p-47d-28	2	3	11	0	hvar
p-47d-28	3	5	10	0	hvar
p-47d-28	4	7	9	0	250lbs
p-47d-28	5	9	8	0	hvar
p-47d-28	6	11	7	0	hvar
p-47d-28	7	13	6	0	250lbs
p-47d-28	8	12	5	0	hvar
p-47d-28	9	10	4	0	hvar
p-47d-28	10	8	3	0	250lbs
p-47d-28	11	6	2	0	hvar
p-47d-28	12	4	1	0	hvar
p-47d-28	13	2	0	0	hvar
p-47m-1-re	1	1	12	0	hvar
p-47m-1-re	2	3	11	0	hvar
p-47m-1-re	3	5	10	0	hvar
p-47m-1-re	4	7	9	0	250lbs
p-47m-1-re	5	9	8	0	hvar
p-47m-1-re	6	11	7	0	hvar
p-47m-1-re	7	13	6	0	250lbs
p-47m-1-re	8	12	5	0	hvar
p-47m-1-re	9	10	4	0	hvar
p-47m-1-re	10	8	3	0	250lbs
p-47m-1-re	11	6	2	0	hvar
p-47m-1-re	12	4	1	0	hvar
p-47m-1-re	13	2	0	0	hvar
p-47m-1-re_boxted	1	1	12	0	hvar
p-47m-1-re_boxted	2	3	11	0	hvar
p-47m-1-re_boxted	3	5	10	0	hvar
p-47m-1-re_boxted	4	7	9	0	250lbs
p-47m-1-re_boxted	5	9	8	0	hvar
p-47m-1-re_boxted	6	11	7	0	hvar
p-47m-1-re_boxted	7	13	6	0	250lbs
p-47m-1-re_boxted	8	12	5	0	hvar
p-47m-1-re_boxted	9	10	4	0	hvar
p-47m-1-re_boxted	10	8	3	0	250lbs
p-47m-1-re_boxted	11	6	2	0	hvar
p-47m-1-re_boxted	12	4	1	0	hvar
p-47m-1-re_boxted	13	2	0	0	hvar
p-47n-15	1	1	12	0	hvar
p-47n-15	2	3	11	0	hvar
p-47n-15	3	5	10	0	hvar
p-47n-15	4	7	9	0	1000lbs
p-47n-15	5	9	8	0	hvar
p-47n-15	6	11	7	0	hvar
p-47n-15	7	13	6	0	500lbs
p-47n-15	8	12	5	0	hvar
p-47n-15	9	10	4	0	hvar
p-47n-15	10	8	3	0	1000lbs
p-47n-15	11	6	2	0	hvar
p-47n-15	12	4	1	0	hvar
p-47n-15	13	2	0	0	hvar
p-51c-11-nt_china	1	1	7	0	100lb
p-51c-11-nt_china	2	2	5	0	100lb
p-51d-10	1	5	8	0	hvar_x3
p-51d-10	2	7	7	0	hvar_x2
p-51d-10	3	8	5	0	hvar_x2
p-51d-10	4	6	4	0	hvar_x3
p-51d-20_china	1	5	8	0	hvar_x3
p-51d-20_china	2	7	7	0	hvar_x2
p-51d-20_china	3	8	5	0	hvar_x2
p-51d-20_china	4	6	4	0	hvar_x3
p-51d-20-na	1	5	8	0	hvar_x3
p-51d-20-na	2	7	7	0	hvar_x2
p-51d-20-na	3	8	5	0	hvar_x2
p-51d-20-na	4	6	4	0	hvar_x3
p-51d-20-na_iaf	1	1	11	0	hvar
p-51d-20-na_iaf	2	3	10	0	hvar
p-51d-20-na_iaf	3	5	9	0	hvar
p-51d-20-na_iaf	4	7	8	0	hvar
p-51d-20-na_iaf	5	9	7	0	250lb
p-51d-20-na_iaf	6	10	5	0	250lb
p-51d-20-na_iaf	7	8	4	0	hvar
p-51d-20-na_iaf	8	6	3	0	hvar
p-51d-20-na_iaf	9	4	2	0	hvar
p-51d-20-na_iaf	10	2	1	0	hvar
p-51d-30_usaaf_korea	1	5	8	0	hvar_x3
p-51d-30_usaaf_korea	2	7	7	0	hvar_x2
p-51d-30_usaaf_korea	3	8	5	0	hvar_x2
p-51d-30_usaaf_korea	4	6	4	0	hvar_x3
p-51d-5	1	5	8	0	hvar_x3
p-51d-5	2	7	7	0	hvar_x2
p-51d-5	3	8	5	0	hvar_x2
p-51d-5	4	6	4	0	hvar_x3
p-51h-5_na	1	1	8	0	hvar_x3_slot1
p-51h-5_na	2	3	7	0	hvar_x2_slot2
p-51h-5_na	3	4	5	0	hvar_x2_slot3
p-51h-5_na	4	2	4	0	hvar_x3_slot4
p-51k	1	5	8	0	hvar_x3
p-51k	2	7	7	0	hvar_x2
p-51k	3	8	5	0	hvar_x2
p-51k	4	6	4	0	hvar_x3
p-61c_1	1	1	8	0	500lb
p-61c_1	2	3	7	0	500lb
p-61c_1	3	4	5	0	500lb
p-61c_1	4	2	4	0	500lb
pby-5	1	1	9	0	us_100lb
pby-5	2	3	8	0	us_100lb_left
pby-5	3	5	7	0	us_100lb_x6_left
pby-5	4	6	5	0	us_100lb_x6_right
pby-5	5	4	4	0	us_100lb_right
pby-5	6	2	3	0	us_100lb
pby-5a	1	1	9	0	us_100lb
pby-5a	2	3	8	0	us_100lb_left
pby-5a	3	5	7	0	us_100lb_x6_left
pby-5a	4	6	5	0	us_100lb_x6_right
pby-5a	5	4	4	0	us_100lb_right
pby-5a	6	2	3	0	us_100lb
pby-5a_late_france	1	1	9	0	us_100lb
pby-5a_late_france	2	3	8	0	us_100lb_left
pby-5a_late_france	3	5	7	0	us_100lb_x6_left
pby-5a_late_france	4	6	5	0	us_100lb_x6_right
pby-5a_late_france	5	4	4	0	us_100lb_right
pby-5a_late_france	6	2	3	0	us_100lb
pby-5a_raf	1	1	9	0	us_100lb
pby-5a_raf	2	3	8	0	us_100lb_left
pby-5a_raf	3	5	7	0	us_100lb_x6_left
pby-5a_raf	4	6	5	0	us_100lb_x6_right
pby-5a_raf	5	4	4	0	us_100lb_right
pby-5a_raf	6	2	3	0	us_100lb
pby-5a_ussr	1	1	9	0	us_100lb
pby-5a_ussr	2	3	8	0	us_100lb_left
pby-5a_ussr	3	5	7	0	us_100lb_x6_left
pby-5a_ussr	4	6	5	0	us_100lb_x6_right
pby-5a_ussr	5	4	4	0	us_100lb_right
pby-5a_ussr	6	2	3	0	us_100lb
pe-2-1	1	5	9	0	fab_100x_slot1
pe-2-1	2	1	8	0	fab_100_slot2
pe-2-1	3	3	7	0	fab_100_slot3
pe-2-1	4	7	6	0	fab_100_x4
pe-2-1	5	4	5	0	fab_100_slot5
pe-2-1	6	2	4	0	fab_100_slot6
pe-2-1	7	6	3	0	fab_100x_slot7
pe-2-110	1	1	10	0	ro132_slot1
pe-2-110	2	7	9	0	fab_100x_slot2
pe-2-110	3	3	8	0	fab_100_slot3
pe-2-110	4	5	7	0	fab_100_slot4
pe-2-110	5	9	6	0	fab_100_x4
pe-2-110	6	6	5	0	fab_100_slot6
pe-2-110	7	4	4	0	fab_100_slot7
pe-2-110	8	8	3	0	fab_100x_slot8
pe-2-110	9	2	2	0	ro132_slot9
pe-2-205	1	1	10	0	ro132_slot1
pe-2-205	2	7	9	0	fab_100x_slot2
pe-2-205	3	3	8	0	fab_100_slot3
pe-2-205	4	5	7	0	fab_100_slot4
pe-2-205	5	9	6	0	fab_100_x4
pe-2-205	6	6	5	0	fab_100_slot6
pe-2-205	7	4	4	0	fab_100_slot7
pe-2-205	8	8	3	0	fab_100x_slot8
pe-2-205	9	2	2	0	ro132_slot9
pe-2-31	1	1	10	0	ro132_slot1
pe-2-31	2	7	9	0	fab_100x_slot2
pe-2-31	3	3	8	0	fab_100_slot3
pe-2-31	4	5	7	0	fab_100_slot4
pe-2-31	5	9	6	0	fab_100_x4
pe-2-31	6	6	5	0	fab_100_slot6
pe-2-31	7	4	4	0	fab_100_slot7
pe-2-31	8	8	3	0	fab_100x_slot8
pe-2-31	9	2	2	0	ro132_slot9
pe-2-359	1	1	10	0	ro132_slot1
pe-2-359	2	7	9	0	fab_100x_slot2
pe-2-359	3	3	8	0	fab_100_slot3
pe-2-359	4	5	7	0	fab_100_slot4
pe-2-359	5	9	6	0	fab_100_x4
pe-2-359	6	6	5	0	fab_100_slot6
pe-2-359	7	4	4	0	fab_100_slot7
pe-2-359	8	8	3	0	fab_100x_slot8
pe-2-359	9	2	2	0	ro132_slot9
pe-2-359_china	1	1	10	0	ro132_slot1
pe-2-359_china	2	7	9	0	fab_100x_slot2
pe-2-359_china	3	3	8	0	fab_100_slot3
pe-2-359_china	4	5	7	0	fab_100_slot4
pe-2-359_china	5	9	6	0	fab_100_x4
pe-2-359_china	6	6	5	0	fab_100_slot6
pe-2-359_china	7	4	4	0	fab_100_slot7
pe-2-359_china	8	8	3	0	fab_100x_slot8
pe-2-359_china	9	2	2	0	ro132_slot9
pe-2-83	1	1	10	0	ro132_slot1
pe-2-83	2	7	9	0	fab_100x_slot2
pe-2-83	3	3	8	0	fab_100_slot3
pe-2-83	4	5	7	0	fab_100_slot4
pe-2-83	5	9	6	0	fab_100_x4
pe-2-83	6	6	5	0	fab_100_slot6
pe-2-83	7	4	4	0	fab_100_slot7
pe-2-83	8	8	3	0	fab_100x_slot8
pe-2-83	9	2	2	0	ro132_slot9
pe-3	1	1	8	0	ro132_slot1
pe-3	2	5	7	0	fab_100
pe-3	3	3	6	0	fab_100_slot3
pe-3	4	4	5	0	fab_100_slot4
pe-3	5	6	4	0	fab_100
pe-3	6	2	3	0	ro132_slot6
pe-3_bis	1	1	8	0	ro132_slot1
pe-3_bis	2	5	7	0	fab_100
pe-3_bis	3	3	6	0	fab_100_slot3
pe-3_bis	4	4	5	0	fab_100_slot4
pe-3_bis	5	6	4	0	fab_100
pe-3_bis	6	2	3	0	ro132_slot6
pe-3_early	1	1	8	0	ro132_slot1
pe-3_early	2	5	7	0	fab_100
pe-3_early	3	3	6	0	fab_100_slot3
pe-3_early	4	4	5	0	fab_100_slot4
pe-3_early	5	6	4	0	fab_100
pe-3_early	6	2	3	0	ro132_slot6
po-2	1	1	9	0	ros82_slot1
po-2	2	3	8	0	fab_50
po-2	3	5	7	0	fab_50
po-2	4	7	6	0	fab_50_x2
po-2	5	6	5	0	fab_50
po-2	6	4	4	0	fab_50
po-2	7	2	3	0	ros82_slot7
po-2m	1	1	9	0	ros82_slot1
po-2m	2	3	8	0	fab_50
po-2m	3	5	7	0	fab_50
po-2m	4	6	5	0	fab_50
po-2m	5	4	4	0	fab_50
po-2m	6	2	3	0	ros82_slot6
pv_2d	1	1	8	0	hvar_slot1
pv_2d	2	3	7	0	gun_pod_slot2
pv_2d	3	5	6	0	tiny
pv_2d	4	4	5	0	gun_pod_slot4
pv_2d	5	2	4	0	hvar_slot5
q_5_early	1	1	8	0	hf7
q_5_early	2	3	7	0	100_2
q_5_early	3	5	6	0	100_2_x2
q_5_early	4	4	5	0	100_2
q_5_early	5	2	4	0	hf7
q_5a	1	1	8	0	hf14
q_5a	2	3	7	0	hf14
q_5a	3	5	6	0	gp250_x4
q_5a	4	4	5	0	hf14
q_5a	5	2	4	0	hf14
q_5l	1	1	9	0	gp250
q_5l	2	3	8	0	hf6
q_5l	3	5	7	0	hf6
q_5l	4	7	6	0	k_pzs_01
q_5l	5	6	5	0	hf6
q_5l	6	4	4	0	hf6
q_5l	7	2	3	0	gp250
quing_6	1	1	10	0	fab250
quing_6	2	3	9	0	fab250
quing_6	3	5	8	0	fab250
quing_6	4	7	7	0	fab250
quing_6	5	8	5	0	fab250
quing_6	6	6	4	0	fab250
quing_6	7	4	3	0	fab250
quing_6	8	2	2	0	fab250
rafale_c_f3	1	1	12	0	r550_magic_2_slot1_default
rafale_c_f3	2	3	11	0	mica_em_slot2_default
rafale_c_f3	3	5	10	0	mica_em_slot3
rafale_c_f3	5	9	8	0	mica_em_slot5
rafale_c_f3	6	11	5	0	damocles
rafale_c_f3	7	12	6	0	us_gbu_24_slot7
rafale_c_f3	8	10	4	0	mica_em_slot8
rafale_c_f3	10	6	2	0	mica_em_slot10
rafale_c_f3	11	4	1	0	mica_em_slot11_default
rafale_c_f3	12	2	0	0	r550_magic_2_slot12_default
rafale_m_f3r	1	1	12	0	r550_magic_2_slot1_default
rafale_m_f3r	2	3	11	0	mica_em_slot2_default
rafale_m_f3r	3	5	10	0	mica_em_slot3
rafale_m_f3r	5	9	8	0	mica_em_slot5
rafale_m_f3r	6	11	5	0	damocles
rafale_m_f3r	7	12	6	0	us_gbu_24_slot7
rafale_m_f3r	8	10	4	0	mica_em_slot8
rafale_m_f3r	10	6	2	0	mica_em_slot10
rafale_m_f3r	11	4	1	0	mica_em_slot11_default
rafale_m_f3r	12	2	0	0	r550_magic_2_slot12_default
re_2001_cb	1	1	7	0	50kg
re_2001_cb	2	3	6	0	250kg
re_2001_cb	3	2	5	0	50kg
re_2002_early	1	1	7	0	50kg
re_2002_early	2	3	6	0	250kg
re_2002_early	3	2	5	0	50kg
re_2005_serie0	1	1	7	0	50kg
re_2005_serie0	2	3	6	0	100kg_centr
re_2005_serie0	3	2	5	0	50kg
re_2005_vdm	1	1	7	0	50kg
re_2005_vdm	2	3	6	0	100kg_centr
re_2005_vdm	3	2	5	0	50kg
ro_57_quadriarma	1	1	7	0	50kg
ro_57_quadriarma	2	3	6	0	250kg
ro_57_quadriarma	3	2	5	0	50kg
saab_105g	1	1	9	0	rb24
saab_105g	2	3	8	0	srak_m55_slot2
saab_105g	3	5	7	0	srak_m55_slot3
saab_105g	4	6	5	0	srak_m55_slot4
saab_105g	5	4	4	0	srak_m55_slot5
saab_105g	6	2	3	0	rb24
saab_105oe	1	1	9	0	rb24
saab_105oe	2	3	8	0	srak_m55_slot2
saab_105oe	3	5	7	0	srak_m55_slot3
saab_105oe	4	6	5	0	srak_m55_slot4
saab_105oe	5	4	4	0	srak_m55_slot5
saab_105oe	6	2	3	0	rb24
saab_a32a	1	1	12	0	psrak_m49a
saab_a32a	2	3	11	0	psrak_m49a
saab_a32a	3	5	10	0	psrak_m49a
saab_a32a	4	7	9	0	psrak_m49a
saab_a32a	5	9	8	0	psrak_m49a
saab_a32a	6	11	7	0	psrak_m49a
saab_a32a	7	13	6	0	250kg_m50
saab_a32a	8	12	5	0	psrak_m49a
saab_a32a	9	10	4	0	psrak_m49a
saab_a32a	10	8	3	0	psrak_m49a
saab_a32a	11	6	2	0	psrak_m49a
saab_a32a	12	4	1	0	psrak_m49a
saab_a32a	13	2	0	0	psrak_m49a
saab_a32a_red_adam	1	1	12	0	psrak_m49a
saab_a32a_red_adam	2	3	11	0	psrak_m49a
saab_a32a_red_adam	3	5	10	0	psrak_m49a
saab_a32a_red_adam	4	7	9	0	psrak_m49a
saab_a32a_red_adam	5	9	8	0	psrak_m49a
saab_a32a_red_adam	6	11	7	0	psrak_m49a
saab_a32a_red_adam	7	13	6	0	250kg_m50
saab_a32a_red_adam	8	12	5	0	psrak_m49a
saab_a32a_red_adam	9	10	4	0	psrak_m49a
saab_a32a_red_adam	10	8	3	0	psrak_m49a
saab_a32a_red_adam	11	6	2	0	psrak_m49a
saab_a32a_red_adam	12	4	1	0	psrak_m49a
saab_a32a_red_adam	13	2	0	0	psrak_m49a
saab_aj37	1	1	8	0	m70b
saab_aj37	2	3	7	0	rb24
saab_aj37	4	4	5	0	rb24
saab_aj37	5	2	4	0	m70b
saab_ajs37	1	1	9	0	rb24j_default
saab_ajs37	2	3	8	0	rb24j
saab_ajs37	3	5	7	0	rb24j
saab_ajs37	5	6	5	0	rb24j
saab_ajs37	6	4	4	0	rb24j
saab_ajs37	7	2	3	0	rb24j_default
saab_ajs37_early	1	1	9	0	rb24j_default
saab_ajs37_early	2	3	8	0	rb24j
saab_ajs37_early	3	5	7	0	rb24j
saab_ajs37_early	5	6	5	0	rb24j
saab_ajs37_early	6	4	4	0	rb24j
saab_ajs37_early	7	2	3	0	rb24j_default
saab_b17a	1	1	7	0	50kg_x2
saab_b17a	2	3	6	0	50kg_x5
saab_b17a	3	2	5	0	50kg_x2
saab_b17b	1	1	7	0	50kg_x2
saab_b17b	2	3	6	0	50kg_x5
saab_b17b	3	2	5	0	50kg_x2
saab_b18a	1	1	7	0	sb_m42_slot1
saab_b18a	2	3	6	0	sb_m42_slot2
saab_b18a	3	2	5	0	sb_m42_slot3
saab_b18b	1	1	8	0	psrak_m49a
saab_b18b	2	3	7	0	sb_m42_slot2
saab_b18b	3	5	6	0	sb_m42_central
saab_b18b	4	6	5	0	psrak_m49a_central
saab_b18b	5	4	4	0	sb_m42_slot5
saab_b18b	6	2	3	0	psrak_m49a
saab_f35_wdns	1	1	10	0	aim_9b
saab_f35_wdns	2	3	9	0	lau3a
saab_f35_wdns	3	5	8	0	lau3a
saab_f35_wdns	4	7	7	0	lau3a
saab_f35_wdns	5	9	6	0	mk82_center
saab_f35_wdns	6	8	5	0	lau3a
saab_f35_wdns	7	6	4	0	lau3a
saab_f35_wdns	8	4	3	0	lau3a
saab_f35_wdns	9	2	2	0	aim_9b
saab_j29b	1	1	10	0	swd_75mm_frida_slot1
saab_j29b	2	3	9	0	swd_75mm_frida_slot2
saab_j29b	3	2	8	0	swd_75mm_frida_slot3
saab_j29b	4	7	7	0	psrak_m49a_slot4
saab_j29b	5	8	5	0	psrak_m49a_slot5
saab_j29b	6	6	4	0	swd_75mm_frida_slot6
saab_j29b	7	4	3	0	swd_75mm_frida_slot7
saab_j29b	8	2	2	0	swd_75mm_frida_slot8
saab_j29d	1	1	10	0	swd_75mm_frida_slot1
saab_j29d	2	3	9	0	swd_75mm_frida_slot2
saab_j29d	3	2	8	0	swd_75mm_frida_slot3
saab_j29d	4	7	7	0	psrak_m49a_slot4
saab_j29d	5	8	5	0	psrak_m49a_slot5
saab_j29d	6	6	4	0	swd_75mm_frida_slot6
saab_j29d	7	4	3	0	swd_75mm_frida_slot7
saab_j29d	8	2	2	0	swd_75mm_frida_slot8
saab_j29f	1	1	10	0	swd_75mm_frida_slot1
saab_j29f	2	3	9	0	rb24_slot2
saab_j29f	3	2	8	0	swd_75mm_frida_slot3
saab_j29f	4	7	7	0	psrak_m49a_slot4
saab_j29f	5	8	5	0	psrak_m49a_slot5
saab_j29f	6	6	4	0	swd_75mm_frida_slot6
saab_j29f	7	4	3	0	rb24_slot7
saab_j29f	8	2	2	0	swd_75mm_frida_slot8
saab_j32b	1	1	8	0	rb24_default
saab_j32b	2	3	7	0	rb24
saab_j32b	3	4	5	0	rb24
saab_j32b	4	2	4	0	rb24_default
saab_j35a	1	1	7	0	swe_rb24
saab_j35a	2	3	6	0	swe_rb24_x2
saab_j35a	3	2	5	0	swe_rb24
saab_j35d	1	1	8	0	swe_rb24
saab_j35d	2	3	7	0	swe_rb24
saab_j35d	3	4	5	0	swe_rb24
saab_j35d	4	2	4	0	swe_rb24
saab_j35xs	1	1	10	0	m56d_x6
saab_j35xs	2	3	9	0	m57b
saab_j35xs	3	5	8	0	rb24
saab_j35xs	4	7	7	0	m57b_fuse
saab_j35xs	5	8	5	0	m57b_fuse
saab_j35xs	6	6	4	0	rb24
saab_j35xs	7	4	3	0	m57b
saab_j35xs	8	2	2	0	m56d_x6
saab_ja37	1	1	9	0	default_rb24j
saab_ja37	2	3	8	0	rb24
saab_ja37	3	5	7	0	rb24
saab_ja37	5	6	5	0	rb24
saab_ja37	6	4	4	0	rb24
saab_ja37	7	2	3	0	default_rb24j
saab_ja37d	1	1	9	0	default_rb24j
saab_ja37d	2	3	8	0	rb24j
saab_ja37d	3	5	7	0	rb24j
saab_ja37d	5	6	5	0	rb24j
saab_ja37d	6	4	4	0	rb24j
saab_ja37d	7	2	3	0	default_rb24j
saab_ja37di	1	1	9	0	rb74_default
saab_ja37di	2	3	8	0	rb74
saab_ja37di	3	5	7	0	rb74
saab_ja37di	5	6	5	0	rb74
saab_ja37di	6	4	4	0	rb74
saab_ja37di	7	2	3	0	rb74_default
saab_ja37di_f21	1	1	9	0	rb74_default
saab_ja37di_f21	2	3	8	0	rb74
saab_ja37di_f21	3	5	7	0	rb74
saab_ja37di_f21	5	6	5	0	rb74
saab_ja37di_f21	6	4	4	0	rb74
saab_ja37di_f21	7	2	3	0	rb74_default
saab_jas39a	1	1	10	0	rb74_default
saab_jas39a	2	3	9	0	rb74
saab_jas39a	3	5	8	0	rb74
saab_jas39a	5	8	5	0	litening_pod
saab_jas39a	6	6	4	0	rb74
saab_jas39a	7	4	3	0	rb74
saab_jas39a	8	2	2	0	rb74_default
saab_jas39c	1	1	10	0	rb74_default
saab_jas39c	2	3	9	0	rb74
saab_jas39c	3	5	8	0	rb74
saab_jas39c	4	7	6	0	us_gbu_38_slot4
saab_jas39c	5	8	5	0	litening_pod
saab_jas39c	6	6	4	0	rb74
saab_jas39c	7	4	3	0	rb74
saab_jas39c	8	2	2	0	rb74_default
saab_jas39c_hungary	1	1	10	0	aim_9l_default
saab_jas39c_hungary	2	3	9	0	aim_9l
saab_jas39c_hungary	3	5	8	0	aim_9l
saab_jas39c_hungary	4	7	6	0	us_gbu_38_slot4
saab_jas39c_hungary	5	8	5	0	litening_pod
saab_jas39c_hungary	6	6	4	0	aim_9l
saab_jas39c_hungary	7	4	3	0	aim_9l
saab_jas39c_hungary	8	2	2	0	aim_9l_default
saab_jas39c_south_africa	1	1	10	0	aim_9l_default
saab_jas39c_south_africa	2	3	9	0	aim_9l
saab_jas39c_south_africa	3	5	8	0	aim_9l
saab_jas39c_south_africa	4	7	6	0	us_gbu_38_slot4
saab_jas39c_south_africa	5	8	5	0	litening_pod
saab_jas39c_south_africa	6	6	4	0	aim_9l
saab_jas39c_south_africa	7	4	3	0	aim_9l
saab_jas39c_south_africa	8	2	2	0	aim_9l_default
saab_jas39c_south_africa_missile_test	1	1	10	0	aim_9m_wing
saab_jas39c_south_africa_missile_test	2	3	9	0	r_darter
saab_jas39c_south_africa_missile_test	3	5	8	0	r_darter
saab_jas39c_south_africa_missile_test	6	6	4	0	r_darter
saab_jas39c_south_africa_missile_test	7	4	3	0	r_darter
saab_jas39c_south_africa_missile_test	8	2	2	0	aim_9m_wing
saab_jas39c_thailand	1	1	10	0	aim_9l_default
saab_jas39c_thailand	2	3	9	0	aim_9l
saab_jas39c_thailand	3	5	8	0	aim_9l
saab_jas39c_thailand	4	7	6	0	us_gbu_38_slot4
saab_jas39c_thailand	5	8	5	0	litening_pod
saab_jas39c_thailand	6	6	4	0	aim_9l
saab_jas39c_thailand	7	4	3	0	aim_9l
saab_jas39c_thailand	8	2	2	0	aim_9l_default
saab_jas39d	1	1	10	0	rb74_default
saab_jas39d	2	3	9	0	rb74
saab_jas39d	3	5	8	0	rb74
saab_jas39d	4	7	6	0	us_gbu_38_slot4
saab_jas39d	5	8	5	0	litening_pod
saab_jas39d	6	6	4	0	rb74
saab_jas39d	7	4	3	0	rb74
saab_jas39d	8	2	2	0	rb74_default
saab_jas39e	1	1	10	0	rb74m_default
saab_jas39e	2	3	9	0	rb74m
saab_jas39e	3	5	8	0	rb74m
saab_jas39e	4	7	6	0	rb99_slot4
saab_jas39e	5	8	5	0	litening_pod
saab_jas39e	6	6	4	0	rb74m
saab_jas39e	7	4	3	0	rb74m
saab_jas39e	8	2	2	0	rb74m_default
saab_sk60b	1	1	9	0	srak_m56d_slot1
saab_sk60b	2	3	8	0	srak_m56d_slot2
saab_sk60b	3	5	7	0	srak_m56d_slot3
saab_sk60b	4	6	5	0	srak_m56d_slot4
saab_sk60b	5	4	4	0	srak_m56d_slot5
saab_sk60b	6	2	3	0	srak_m56d_slot6
saab_t18b_1	1	1	8	0	psrak_m49a
saab_t18b_1	2	3	7	0	sb_m42_slot2
saab_t18b_1	3	5	6	0	sb_m42_central
saab_t18b_1	4	4	5	0	sb_m42_slot4
saab_t18b_1	5	2	4	0	psrak_m49a
saab_t18b_2	1	1	8	0	psrak_m49a
saab_t18b_2	2	3	7	0	sb_m42_slot2
saab_t18b_2	3	4	5	0	sb_m42_slot3
saab_t18b_2	4	2	4	0	psrak_m49a
sb_2m_103_mv3	1	2	7	0	fab_250_slot1
sb_2m_103_mv3	2	3	6	0	fab_100_slot2
sb_2m_103_mv3	3	1	5	0	fab_250_slot3
sb_2m_103c	1	2	7	0	fab_250_slot1
sb_2m_103c	2	3	6	0	fab_100_slot2
sb_2m_103c	3	1	5	0	fab_250_slot3
sb_2m_103u	1	2	7	0	fab_250_slot1
sb_2m_103u	2	3	6	0	fab_100_slot2
sb_2m_103u	3	1	5	0	fab_250_slot3
sb_2m_103u_china	1	2	7	0	fab_250_slot1
sb_2m_103u_china	2	3	6	0	fab_100_slot2
sb_2m_103u_china	3	1	5	0	fab_250_slot3
sb_2m_103u_mv3	1	2	7	0	fab_250_slot1
sb_2m_103u_mv3	2	3	6	0	fab_100_slot2
sb_2m_103u_mv3	3	1	5	0	fab_250_slot3
sb_2m_105	1	2	7	0	fab_100_slot1
sb_2m_105	2	3	6	0	fab_100_slot2
sb_2m_105	3	1	5	0	fab_100_slot3
sb2c_4	1	1	8	0	hvar
sb2c_4	2	3	7	0	250lbs
sb2c_4	3	5	6	0	250lbs_x2
sb2c_4	4	4	5	0	250lbs
sb2c_4	5	2	4	0	hvar
sb2c_5_france	1	1	8	0	hvar_slot1
sb2c_5_france	2	3	7	0	250lbs
sb2c_5_france	3	5	6	0	250lbs_x2
sb2c_5_france	4	4	5	0	250lbs
sb2c_5_france	5	2	4	0	hvar_slot5
sb2c_5_thailand	1	1	8	0	hvar_slot1
sb2c_5_thailand	2	3	7	0	250lbs
sb2c_5_thailand	3	5	6	0	250lbs_x2
sb2c_5_thailand	4	4	5	0	250lbs
sb2c_5_thailand	5	2	4	0	hvar_slot5
sb2u-2	1	1	7	0	100lbs
sb2u-2	2	3	6	0	500lbs
sb2u-2	3	2	5	0	100lbs
sb2u-3	1	1	7	0	100lbs
sb2u-3	2	3	6	0	500lbs
sb2u-3	3	2	5	0	100lbs
sbd-3	1	1	7	0	100lbs
sbd-3	2	3	6	0	500lbs
sbd-3	3	2	5	0	100lbs
scimitar_f1	1	1	8	0	aim9b_default
scimitar_f1	2	3	7	0	aim9b
scimitar_f1	3	4	5	0	aim9b
scimitar_f1	4	2	4	0	aim9b_default
sea_fury_fb11	1	1	9	0	rp3_slot1
sea_fury_fb11	2	3	8	0	rp3_slot2
sea_fury_fb11	3	2	7	0	rp3_slot3
sea_fury_fb11	4	1	5	0	rp3_slot4
sea_fury_fb11	5	3	4	0	rp3_slot5
sea_fury_fb11	6	2	3	0	rp3_slot6
sea_fury_fb51	1	1	9	0	rp3_slot1
sea_fury_fb51	2	3	8	0	rp3_slot2
sea_fury_fb51	3	2	7	0	rp3_slot3
sea_fury_fb51	4	1	5	0	rp3_slot4
sea_fury_fb51	5	3	4	0	rp3_slot5
sea_fury_fb51	6	2	3	0	rp3_slot6
sea_harrier_fa2	1	1	9	0	aim_9l_default
sea_harrier_fa2	2	3	8	0	2_inch_rp_slot2
sea_harrier_fa2	3	5	7	0	aden_slot3
sea_harrier_fa2	4	7	6	0	540lbs_slot4
sea_harrier_fa2	5	6	5	0	aden_slot5
sea_harrier_fa2	6	4	4	0	2_inch_rp_slot6
sea_harrier_fa2	7	2	3	0	aim_9l_default
sea_hawk_fga50_netherlands	1	1	12	0	25lb_slot1
sea_hawk_fga50_netherlands	2	3	11	0	25lb_slot2
sea_hawk_fga50_netherlands	3	5	10	0	25lb_slot3
sea_hawk_fga50_netherlands	4	7	9	0	25lb_slot4
sea_hawk_fga50_netherlands	5	9	8	0	aim9
sea_hawk_fga50_netherlands	6	11	7	0	500lb
sea_hawk_fga50_netherlands	7	12	5	0	500lb
sea_hawk_fga50_netherlands	8	10	4	0	aim9
sea_hawk_fga50_netherlands	9	8	3	0	25lb_slot9
sea_hawk_fga50_netherlands	10	6	2	0	25lb_slot10
sea_hawk_fga50_netherlands	11	4	1	0	25lb_slot11
sea_hawk_fga50_netherlands	12	2	0	0	25lb_slot12
sea_hawk_fga6	1	1	12	0	25lb_slot1
sea_hawk_fga6	2	3	11	0	25lb_slot2
sea_hawk_fga6	3	5	10	0	25lb_slot3
sea_hawk_fga6	4	7	9	0	25lb_slot4
sea_hawk_fga6	5	9	8	0	25lb_slot5
sea_hawk_fga6	6	11	7	0	500lb
sea_hawk_fga6	7	12	5	0	500lb
sea_hawk_fga6	8	10	4	0	25lb_slot8
sea_hawk_fga6	9	8	3	0	25lb_slot9
sea_hawk_fga6	10	6	2	0	25lb_slot10
sea_hawk_fga6	11	4	1	0	25lb_slot11
sea_hawk_fga6	12	2	0	0	25lb_slot12
sea_hawk_mk100	1	1	12	0	25lb_slot1
sea_hawk_mk100	2	3	11	0	25lb_slot2
sea_hawk_mk100	3	5	10	0	25lb_slot3
sea_hawk_mk100	4	7	9	0	25lb_slot4
sea_hawk_mk100	5	9	8	0	aim9
sea_hawk_mk100	6	11	7	0	500lb
sea_hawk_mk100	7	12	5	0	500lb
sea_hawk_mk100	8	10	4	0	aim9
sea_hawk_mk100	9	8	3	0	25lb_slot9
sea_hawk_mk100	10	6	2	0	25lb_slot10
sea_hawk_mk100	11	4	1	0	25lb_slot11
sea_hawk_mk100	12	2	0	0	25lb_slot12
sm_92	1	1	10	0	50kg
sm_92	2	3	9	0	50kg
sm_92	3	5	8	0	50kg
sm_92	4	7	7	0	250kg
sm_92	5	8	5	0	250kg
sm_92	6	6	4	0	50kg
sm_92	7	4	3	0	50kg
sm_92	8	2	2	0	50kg
so_4050_vautour_2a	1	1	8	0	matra116
so_4050_vautour_2a	2	3	7	0	matra116
so_4050_vautour_2a	3	5	6	0	250lbs_internal
so_4050_vautour_2a	4	4	5	0	matra116
so_4050_vautour_2a	5	2	4	0	matra116
so_4050_vautour_2a_iaf	1	1	8	0	sfafrir1
so_4050_vautour_2a_iaf	2	3	7	0	sfafrir1
so_4050_vautour_2a_iaf	3	5	6	0	100kg_internal
so_4050_vautour_2a_iaf	4	4	5	0	sfafrir1
so_4050_vautour_2a_iaf	5	2	4	0	sfafrir1
so_4050_vautour_2a_israel_iaf	1	1	8	0	sfafrir1
so_4050_vautour_2a_israel_iaf	2	3	7	0	sfafrir1
so_4050_vautour_2a_israel_iaf	3	5	6	0	100kg_internal
so_4050_vautour_2a_israel_iaf	4	4	5	0	sfafrir1
so_4050_vautour_2a_israel_iaf	5	2	4	0	sfafrir1
so_4050_vautour_2b	1	1	8	0	250lbs
so_4050_vautour_2b	2	3	7	0	250lbs
so_4050_vautour_2b	3	5	6	0	250lbs_internal
so_4050_vautour_2b	4	4	5	0	250lbs
so_4050_vautour_2b	5	2	4	0	250lbs
so_4050_vautour_2n	1	1	8	0	aa20
so_4050_vautour_2n	2	3	7	0	aa20
so_4050_vautour_2n	3	5	6	0	104_inter
so_4050_vautour_2n	4	4	5	0	aa20
so_4050_vautour_2n	5	2	4	0	aa20
so_4050_vautour_2n_iaf	1	1	8	0	sfafrir1
so_4050_vautour_2n_iaf	2	3	7	0	sfafrir1
so_4050_vautour_2n_iaf	3	5	6	0	104_inter
so_4050_vautour_2n_iaf	4	4	5	0	sfafrir1
so_4050_vautour_2n_iaf	5	2	4	0	sfafrir1
so_4050_vautour_2n_late	1	1	8	0	aa_20
so_4050_vautour_2n_late	2	3	7	0	aa_20
so_4050_vautour_2n_late	3	4	5	0	aa_20
so_4050_vautour_2n_late	4	2	4	0	aa_20
spitfire_f22	1	1	10	0	rp3
spitfire_f22	2	3	9	0	rp3
spitfire_f22	3	5	8	0	rp3
spitfire_f22	4	7	7	0	250lb
spitfire_f22	5	9	6	0	250lb_additional
spitfire_f22	6	8	5	0	250lb
spitfire_f22	7	6	4	0	rp3
spitfire_f22	8	4	3	0	rp3
spitfire_f22	9	2	2	0	rp3
spitfire_f24	1	1	10	0	rp3
spitfire_f24	2	3	9	0	rp3
spitfire_f24	3	5	8	0	rp3
spitfire_f24	4	7	7	0	250lb
spitfire_f24	5	9	6	0	250lb_additional
spitfire_f24	6	8	5	0	250lb
spitfire_f24	7	6	4	0	rp3
spitfire_f24	8	4	3	0	rp3
spitfire_f24	9	2	2	0	rp3
spitfire_ix	1	1	7	0	250lb_anm57_slot1
spitfire_ix	2	3	6	0	250lb_anm57_slot2
spitfire_ix	3	2	5	0	250lb_anm57_slot3
spitfire_ix_early	1	1	7	0	250lb_anm57_slot1
spitfire_ix_early	2	3	6	0	250lb_anm57_slot2
spitfire_ix_early	3	2	5	0	250lb_anm57_slot3
spitfire_ix_plagis	1	1	7	0	250lb_anm57_slot1
spitfire_ix_plagis	2	3	6	0	250lb_anm57_slot2
spitfire_ix_plagis	3	2	5	0	250lb_anm57_slot3
spitfire_ix_tutorial	1	1	7	0	250lb_anm57_slot1
spitfire_ix_tutorial	2	3	6	0	250lb_anm57_slot2
spitfire_ix_tutorial	3	2	5	0	250lb_anm57_slot3
spitfire_ix_usa	1	1	7	0	250lb_anm57_slot1
spitfire_ix_usa	2	3	6	0	250lb_anm57_slot2
spitfire_ix_usa	3	2	5	0	250lb_anm57_slot3
spitfire_lf_mk9c_cw_greece	1	1	7	0	250lb_anm57_slot1
spitfire_lf_mk9c_cw_greece	2	3	6	0	250lb_anm57_slot2
spitfire_lf_mk9c_cw_greece	3	2	5	0	250lb_anm57_slot3
spitfire_mk9b	1	1	7	0	250lb_anm57_slot1
spitfire_mk9b	2	3	6	0	250lb_anm57_slot2
spitfire_mk9b	3	2	5	0	250lb_anm57_slot3
spitfire_mk9c_4cannons	1	1	7	0	250lb_anm57_slot1
spitfire_mk9c_4cannons	2	3	6	0	250lb_anm57_slot2
spitfire_mk9c_4cannons	3	2	5	0	250lb_anm57_slot3
strikemaster_mk88	1	1	10	0	sura_heat
strikemaster_mk88	2	3	9	0	sura_heat
strikemaster_mk88	3	5	8	0	sura_heat
strikemaster_mk88	4	7	7	0	sura_heat
strikemaster_mk88	5	8	5	0	sura_heat
strikemaster_mk88	6	6	4	0	sura_heat
strikemaster_mk88	7	4	3	0	sura_heat
strikemaster_mk88	8	2	2	0	sura_heat
su_17m2	1	1	10	0	wing_left_containers_ofab_100_120
su_17m2	2	3	8	0	wing_left_middle_ofab_100_120_x1
su_17m2	3	5	7	0	fuse_containers_left_ofab_100_120_x4
su_17m2	4	6	5	0	fuse_containers_right_ofab_100_120_x4
su_17m2	5	4	4	0	wing_right_middle_ofab_100_120_x1
su_17m2	6	2	2	0	wing_right_containers_ofab_100_120
su_17m4	1	1	10	0	wing_left_containers_ofab_100_120
su_17m4	2	2	9	0	wing_left_single_r_60
su_17m4	3	3	8	0	wing_left_middle_ofab_100_120_x1
su_17m4	4	5	7	0	fuse_containers_left_ofab_100_120_x4
su_17m4	5	9	6	0	l_086_viuga_17_slot5
su_17m4	6	6	5	0	fuse_containers_right_ofab_100_120_x4
su_17m4	7	4	4	0	wing_right_middle_ofab_100_120_x1
su_17m4	8	8	3	0	wing_right_single_r_60
su_17m4	9	2	2	0	wing_right_containers_ofab_100_120
su_22m3	1	1	10	0	wing_left_containers_ofab_100_120
su_22m3	2	2	9	0	wing_left_single_r_60
su_22m3	3	3	8	0	wing_left_middle_ofab_100_120_x1
su_22m3	4	5	7	0	fuse_containers_left_ofab_100_120_x4
su_22m3	6	6	5	0	fuse_containers_right_ofab_100_120_x4
su_22m3	7	4	4	0	wing_right_middle_ofab_100_120_x1
su_22m3	8	8	3	0	wing_right_single_r_60
su_22m3	9	2	2	0	wing_right_containers_ofab_100_120
su_22m3_hungary	1	1	10	0	wing_left_containers_ofab_100_120
su_22m3_hungary	2	2	9	0	wing_left_single_r_60
su_22m3_hungary	3	3	8	0	wing_left_middle_ofab_100_120_x1
su_22m3_hungary	4	5	7	0	fuse_containers_left_ofab_100_120_x4
su_22m3_hungary	6	6	5	0	fuse_containers_right_ofab_100_120_x4
su_22m3_hungary	7	4	4	0	wing_right_middle_ofab_100_120_x1
su_22m3_hungary	8	8	3	0	wing_right_single_r_60
su_22m3_hungary	9	2	2	0	wing_right_containers_ofab_100_120
su_22m4	1	1	10	0	wing_left_containers_ofab_100_120
su_22m4	2	2	9	0	wing_left_single_r_60mk
su_22m4	3	3	8	0	wing_left_middle_ofab_100_120_x1
su_22m4	4	5	7	0	fuse_containers_left_ofab_100_120_x4
su_22m4	5	9	6	0	l_086_viuga_17_slot5
su_22m4	6	6	5	0	fuse_containers_right_ofab_100_120_x4
su_22m4	7	4	4	0	wing_right_middle_ofab_100_120_x1
su_22m4	8	8	3	0	wing_right_single_r_60mk
su_22m4	9	2	2	0	wing_right_containers_ofab_100_120
su_22m4_de_wtd61	1	1	10	0	wing_left_containers_ofab_100_120
su_22m4_de_wtd61	2	2	9	0	wing_left_single_r_60mk
su_22m4_de_wtd61	3	3	8	0	wing_left_middle_ofab_100_120_x1
su_22m4_de_wtd61	4	5	7	0	fuse_containers_left_ofab_100_120_x4
su_22m4_de_wtd61	5	9	6	0	l_086_viuga_17_slot5
su_22m4_de_wtd61	6	6	5	0	fuse_containers_right_ofab_100_120_x4
su_22m4_de_wtd61	7	4	4	0	wing_right_middle_ofab_100_120_x1
su_22m4_de_wtd61	8	8	3	0	wing_right_single_r_60mk
su_22m4_de_wtd61	9	2	2	0	wing_right_containers_ofab_100_120
su_22um3k	1	1	10	0	wing_left_containers_ofab_100_120
su_22um3k	2	2	9	0	wing_left_single_r_60
su_22um3k	3	3	8	0	wing_left_middle_ofab_100_120_x1
su_22um3k	4	5	7	0	fuse_containers_left_ofab_100_120_x4
su_22um3k	5	6	5	0	fuse_containers_right_ofab_100_120_x4
su_22um3k	6	4	4	0	wing_right_middle_ofab_100_120_x1
su_22um3k	7	7	3	0	wing_right_single_r_60
su_22um3k	8	2	2	0	wing_right_containers_ofab_100_120
su_24m	1	3	10	0	wing_left_single_r_60
su_24m	2	7	9	0	wing2_left_in_containers_ofab_100_120
su_24m	3	9	8	0	fuse_left_containers_ofab_100_120
su_24m	4	12	7	0	l_080_a_slot4
su_24m	5	11	5	0	fuse_beck_single_fab_500
su_24m	6	10	4	0	fuse_right_containers_ofab_100_120
su_24m	7	8	3	0	wing2_right_in_containers_ofab_100_120
su_24m	8	4	2	0	wing_right_single_r_60
su_24m_china_killstreak	1	3	10	0	wing_middle_left_rocket_r_60_x2
su_24m_china_killstreak	5	10	5	0	rn_40
su_24m_china_killstreak	8	4	2	0	wing_middle_right_rocket_r_60_x2
su_24m_killstreak	1	3	10	0	wing_middle_left_rocket_r_60_x2
su_24m_killstreak	5	10	5	0	rn_40
su_24m_killstreak	8	4	2	0	wing_middle_right_rocket_r_60_x2
su_25	1	1	11	0	r_60
su_25	2	3	10	0	ub_32_slot2
su_25	3	5	9	0	ub_32_slot3
su_25	4	7	8	0	ub_32_slot4
su_25	5	9	7	0	ub_32_slot5
su_25	6	10	5	0	ub_32_slot6
su_25	7	8	4	0	ub_32_slot7
su_25	8	6	3	0	ub_32_slot8
su_25	9	4	2	0	ub_32_slot9
su_25	10	2	1	0	r_60
su_25_558arz	1	1	11	0	r_60m
su_25_558arz	2	3	10	0	r_73
su_25_558arz	3	5	9	0	ub_32_slot3
su_25_558arz	4	7	8	0	ub_32_slot4
su_25_558arz	5	9	7	0	ub_32_slot5
su_25_558arz	6	10	5	0	ub_32_slot6
su_25_558arz	7	8	4	0	ub_32_slot7
su_25_558arz	8	6	3	0	ub_32_slot8
su_25_558arz	9	4	2	0	r_73
su_25_558arz	10	2	1	0	r_60m
su_25k	1	1	11	0	r_60m
su_25k	2	3	10	0	ub_32_slot2
su_25k	3	5	9	0	ub_32_slot3
su_25k	4	7	8	0	ub_32_slot4
su_25k	5	9	7	0	ub_32_slot5
su_25k	6	10	5	0	ub_32_slot6
su_25k	7	8	4	0	ub_32_slot7
su_25k	8	6	3	0	ub_32_slot8
su_25k	9	4	2	0	ub_32_slot9
su_25k	10	2	1	0	r_60m
su_25sm3	2	3	10	0	r_73
su_25sm3	3	5	9	0	s_8ko_slot3
su_25sm3	4	7	8	0	s_8ko_slot4
su_25sm3	5	9	7	0	s_8ko_slot5
su_25sm3	6	10	5	0	s_8ko_slot6
su_25sm3	7	8	4	0	s_8ko_slot7
su_25sm3	8	6	3	0	s_8ko_slot8
su_25sm3	9	4	2	0	r_73
su_25t	1	1	11	0	r_60m
su_25t	2	3	10	0	r_73
su_25t	3	5	9	0	s_8ko_slot3
su_25t	4	7	8	0	s_8ko_slot4
su_25t	5	9	7	0	s_8ko_slot5
su_25t	6	11	6	0	mercury
su_25t	7	10	5	0	s_8ko_slot7
su_25t	8	8	4	0	s_8ko_slot8
su_25t	9	6	3	0	s_8ko_slot9
su_25t	10	4	2	0	r_73
su_25t	11	2	1	0	r_60m
su_25tm	1	1	11	0	r_60m
su_25tm	2	3	10	0	r_73
su_25tm	3	5	9	0	s_8ko_slot3
su_25tm	4	7	8	0	s_8ko_slot4
su_25tm	5	9	7	0	s_8ko_slot5
su_25tm	6	11	6	0	mercury
su_25tm	7	10	5	0	s_8ko_slot7
su_25tm	8	8	4	0	s_8ko_slot8
su_25tm	9	6	3	0	s_8ko_slot9
su_25tm	10	4	2	0	r_73
su_25tm	11	2	1	0	r_60m
su_27	1	1	11	0	r73_default
su_27	2	3	10	0	r73
su_27	3	5	9	0	r73
su_27	4	7	8	0	r27r_slot4
su_27	5	10	7	0	r27r_fuse_slot5
su_27	6	9	5	0	r27r_fuse_slot6
su_27	7	8	4	0	r27r_slot7
su_27	8	6	3	0	r73
su_27	9	4	2	0	r73
su_27	10	2	1	0	r73_default
su_27sm	1	1	11	0	r73_default
su_27sm	2	3	10	0	r73
su_27sm	3	5	9	0	r73
su_27sm	4	7	8	0	r27r_slot4
su_27sm	5	10	7	0	r27r_fuse_slot5
su_27sm	6	9	5	0	r27r_fuse_slot6
su_27sm	7	8	4	0	r27r_slot7
su_27sm	8	6	3	0	r73
su_27sm	9	4	2	0	r73
su_27sm	10	2	1	0	r73_default
su_30mk2v_venezuela	1	13	12	0	r73_slot1_default
su_30mk2v_venezuela	2	11	11	0	r73_slot2
su_30mk2v_venezuela	3	7	10	0	r73_slot3
su_30mk2v_venezuela	4	5	9	0	kh_29l_slot4
su_30mk2v_venezuela	5	15	8	0	r27er_slot5
su_30mk2v_venezuela	6	1	7	0	r27er_slot6
su_30mk2v_venezuela	7	2	5	0	r27er_slot7
su_30mk2v_venezuela	8	16	4	0	r27er_slot8
su_30mk2v_venezuela	9	6	3	0	kh_29l_slot9
su_30mk2v_venezuela	10	8	2	0	r73_slot10
su_30mk2v_venezuela	11	12	1	0	r73_slot11
su_30mk2v_venezuela	12	14	0	0	r73_slot12_default
su_30mkk	1	13	12	0	r73_slot1_default
su_30mkk	2	11	11	0	r73_slot2
su_30mkk	3	7	10	0	r73_slot3
su_30mkk	4	5	9	0	kh_29l_slot4
su_30mkk	5	15	8	0	r27er_slot5
su_30mkk	6	1	7	0	r27er_slot6
su_30mkk	7	2	5	0	r27er_slot7
su_30mkk	8	16	4	0	r27er_slot8
su_30mkk	9	6	3	0	kh_29l_slot9
su_30mkk	10	8	2	0	r73_slot10
su_30mkk	11	12	1	0	r73_slot11
su_30mkk	12	14	0	0	r73_slot12_default
su_30mkm	1	13	12	0	r73_slot1_default
su_30mkm	2	11	11	0	r73_slot2
su_30mkm	3	7	10	0	r73_slot3
su_30mkm	4	5	9	0	r27er_slot4
su_30mkm	5	15	8	0	r27er_slot5
su_30mkm	6	1	7	0	r27er_slot6
su_30mkm	7	2	5	0	r27er_slot7
su_30mkm	8	16	4	0	r27er_slot8
su_30mkm	9	5	3	0	r27er_slot9
su_30mkm	10	8	2	0	r73_slot10
su_30mkm	11	12	1	0	r73_slot11
su_30mkm	12	14	0	0	r73_slot12_default
su_30sm	1	13	12	0	r73_slot1_default
su_30sm	2	11	11	0	r73_slot2
su_30sm	3	7	10	0	r73_slot3
su_30sm	4	5	9	0	r27er_slot4
su_30sm	5	15	8	0	r27er_slot5
su_30sm	6	1	7	0	r27er_slot6
su_30sm	7	2	5	0	r27er_slot7
su_30sm	8	16	4	0	r27er_slot8
su_30sm	9	5	3	0	r27er_slot9
su_30sm	10	8	2	0	r73_slot10
su_30sm	11	12	1	0	r73_slot11
su_30sm	12	14	0	0	r73_slot12_default
su_30sm2	1	13	12	0	r73_slot1_default
su_30sm2	2	11	11	0	r73_slot2
su_30sm2	3	7	10	0	r73_slot3
su_30sm2	4	5	9	0	r27er_slot4
su_30sm2	5	15	8	0	r27er_slot5
su_30sm2	6	1	7	0	r27er_slot6
su_30sm2	7	2	5	0	r27er_slot7
su_30sm2	8	16	4	0	r27er_slot8
su_30sm2	9	5	3	0	r27er_slot9
su_30sm2	10	8	2	0	r73_slot10
su_30sm2	11	12	1	0	r73_slot11
su_30sm2	12	14	0	0	r73_slot12_default
su_33	1	13	12	0	r73_default
su_33	2	11	11	0	r73_slot2
su_33	3	7	10	0	r73_slot3
su_33	4	5	9	0	r27er_slot4
su_33	5	15	8	0	r27er_slot5
su_33	6	1	7	0	r27er_slot6
su_33	7	12	5	0	r27er_slot7
su_33	8	16	4	0	r27er_slot8
su_33	9	6	3	0	r27er_slot9
su_33	10	8	2	0	r73_slot10
su_33	11	12	1	0	r73_slot11
su_33	12	14	0	0	r73_default
su_34	1	13	12	0	r73_default
su_34	2	11	11	0	r73_slot2
su_34	3	7	10	0	r73_slot3
su_34	4	5	9	0	r27r_slot4
su_34	5	15	8	0	r27r_slot5
su_34	6	1	7	0	apk_9_slot6
su_34	7	12	5	0	kab_500lg_slot7
su_34	8	16	4	0	r27r_slot8
su_34	9	6	3	0	r27r_slot9
su_34	10	8	2	0	r73_slot10
su_34	11	12	1	0	r73_slot11
su_34	12	14	0	0	r73_default
su_6_single	1	1	8	0	ros82_slot1
su_6_single	2	3	7	0	fab_50
su_6_single	3	5	6	0	ao_25_central
su_6_single	4	4	5	0	fab_50
su_6_single	5	2	4	0	ros82_slot5
su-2_m82	1	1	7	0	rs_82_slot1
su-2_m82	2	3	6	0	fab50_inner
su-2_m82	3	2	5	0	rs_82_slot3
su-2_mv5	1	1	7	0	rs_82_slot1
su-2_mv5	2	3	6	0	fab50_inner
su-2_mv5	3	2	5	0	rs_82_slot3
su-2_tss1	1	1	7	0	rs_82_slot1
su-2_tss1	2	3	6	0	fab50_inner
su-2_tss1	3	2	5	0	rs_82_slot3
su-6_am42	1	1	9	0	ros82_slot1
su-6_am42	2	3	8	0	fab_50
su-6_am42	4	7	6	0	ao_25_central
su-6_am42	6	4	4	0	fab_50
su-6_am42	7	2	3	0	ros82_slot7
su-6_m71	1	1	8	0	ros82_slot1
su-6_m71	2	3	7	0	fab_50
su-6_m71	3	5	6	0	ao_25_central
su-6_m71	4	4	5	0	fab_50
su-6_m71	5	2	4	0	ros82_slot5
su-7b	1	1	8	0	s3k
su-7b	2	3	7	0	s3k
su-7b	3	4	5	0	s3k
su-7b	4	2	4	0	s3k
su-7bkl	1	1	9	0	s3k
su-7bkl	2	3	8	0	s3k
su-7bkl	3	5	7	0	s3k
su-7bkl	4	6	5	0	s3k
su-7bkl	5	4	4	0	s3k
su-7bkl	6	2	3	0	s3k
su-7bmk	1	1	9	0	s3k
su-7bmk	2	3	8	0	s3k
su-7bmk	3	5	7	0	s3k
su-7bmk	4	6	5	0	s3k
su-7bmk	5	4	4	0	s3k
su-7bmk	6	2	3	0	s3k
su-8	1	1	8	0	ros82_slot1
su-8	2	3	7	0	fab_100_x3
su-8	3	5	6	0	fab_100_x3_central
su-8	4	4	5	0	fab_100_x3
su-8	5	2	4	0	ros82_slot5
super_etendard_97	1	1	9	0	r_550_magic_1
super_etendard_97	2	3	8	0	matra155
super_etendard_97	4	7	6	0	atlis2
super_etendard_97	6	4	4	0	matra155
super_etendard_97	7	2	3	0	r_550_magic_1
swordfish_mk1	1	1	9	0	uk_250lbs_default
swordfish_mk1	2	3	8	0	250lbs
swordfish_mk1	3	5	7	0	uk_250lbs_default
swordfish_mk1	4	7	6	0	torpedo
swordfish_mk1	5	6	5	0	uk_250lbs_default
swordfish_mk1	6	4	4	0	250lbs
swordfish_mk1	7	2	3	0	uk_250lbs_default
swordfish_mk2	1	1	9	0	25ap_slot1
swordfish_mk2	2	3	8	0	250lbs
swordfish_mk2	3	5	7	0	uk_250lbs_default
swordfish_mk2	4	7	6	0	torpedo
swordfish_mk2	5	6	5	0	uk_250lbs_default
swordfish_mk2	6	4	4	0	250lbs
swordfish_mk2	7	2	3	0	25ap_slot7
tbd-1_1938	1	1	12	0	100lb
tbd-1_1938	2	3	11	0	100lb
tbd-1_1938	3	5	10	0	100lb
tbd-1_1938	4	7	9	0	100lb
tbd-1_1938	5	9	8	0	100lb
tbd-1_1938	6	11	7	0	100lb
tbd-1_1938	7	13	6	0	500lb
tbd-1_1938	8	12	5	0	100lb
tbd-1_1938	9	10	4	0	100lb
tbd-1_1938	10	8	3	0	100lb
tbd-1_1938	11	6	2	0	100lb
tbd-1_1938	12	4	1	0	100lb
tbd-1_1938	13	2	0	0	100lb
tbf-1c	1	1	7	0	hvar_slot1
tbf-1c	2	3	6	0	500lb
tbf-1c	3	2	5	0	hvar_slot3
thunderbolt_mk1	1	1	8	0	250lbs
thunderbolt_mk1	2	3	7	0	m8_slot2
thunderbolt_mk1	3	5	6	0	250lbs
thunderbolt_mk1	4	4	5	0	m8_slot4
thunderbolt_mk1	5	2	4	0	250lbs
tornado_adv	1	1	8	0	aim_9l_default
tornado_adv	3	5	6	0	skyflash_default
tornado_adv	5	2	4	0	aim_9l_default
tornado_f3	1	1	8	0	aim_9l_default
tornado_f3	3	5	6	0	skyflash_deafult
tornado_f3	5	2	4	0	aim_9l_default
tornado_f3_late	2	3	8	0	aim_9l_default
tornado_f3_late	4	7	6	0	aim_120_default
tornado_f3_late	6	4	4	0	aim_9l_default
tornado_gr1	2	3	10	0	aim_9l_default_slot2
tornado_gr1	3	5	9	0	500lbs_mk82_slot3
tornado_gr1	4	7	8	0	tiald_slot4
tornado_gr1	5	9	7	0	500lbs_mk82_slot5
tornado_gr1	6	11	6	0	500lbs_mk82_slot6
tornado_gr1	7	10	5	0	500lbs_mk82_slot7
tornado_gr1	8	8	4	0	500lbs_mk82_slot8
tornado_gr1	9	6	3	0	500lbs_mk82_slot9
tornado_gr1	10	4	2	0	aim_9l_default_slot10
tornado_gr4	2	3	11	0	alarm_slot2
tornado_gr4	3	5	10	0	500lbs_mk82_slot3
tornado_gr4	4	3	9	0	aim_9l_default
tornado_gr4	5	7	8	0	litening_slot5
tornado_gr4	6	9	7	0	500lbs_mk82_slot6
tornado_gr4	7	11	6	0	500lbs_mk82_slot7
tornado_gr4	8	10	5	0	500lbs_mk82_slot8
tornado_gr4	9	8	4	0	500lbs_mk82_slot9
tornado_gr4	10	16	3	0	aim_9l_default
tornado_gr4	11	6	2	0	500lbs_mk82_slot11
tornado_gr4	12	4	1	0	alarm_slot12
tornado_ids_de_assta1	2	3	10	0	aim_9l
tornado_ids_de_assta1	3	5	9	0	1000lbs_mk83
tornado_ids_de_assta1	4	7	8	0	litening_pod
tornado_ids_de_assta1	5	9	7	0	1000lbs_mk83_default
tornado_ids_de_assta1	6	11	6	0	1000lbs_mk83_fuse_centr
tornado_ids_de_assta1	7	10	5	0	1000lbs_mk83_default_slot7
tornado_ids_de_assta1	8	8	4	0	1000lbs_mk83_default
tornado_ids_de_assta1	9	6	3	0	1000lbs_mk83
tornado_ids_de_assta1	10	4	2	0	aim_9l
tornado_ids_de_assta1_britain_killstreak	2	3	10	0	aim_9l
tornado_ids_de_assta1_britain_killstreak	6	11	6	0	b61
tornado_ids_de_assta1_britain_killstreak	10	4	2	0	aim_9l
tornado_ids_de_assta1_france_killstreak	2	3	10	0	aim_9l
tornado_ids_de_assta1_france_killstreak	6	11	6	0	b61
tornado_ids_de_assta1_france_killstreak	10	4	2	0	aim_9l
tornado_ids_de_assta1_italy_killstreak	2	3	10	0	aim_9l
tornado_ids_de_assta1_italy_killstreak	6	11	6	0	b61
tornado_ids_de_assta1_italy_killstreak	10	4	2	0	aim_9l
tornado_ids_de_assta1_killstreak	2	3	10	0	aim_9l
tornado_ids_de_assta1_killstreak	6	11	6	0	b61
tornado_ids_de_assta1_killstreak	10	4	2	0	aim_9l
tornado_ids_de_assta1_sweden_killstreak	2	3	10	0	aim_9l
tornado_ids_de_assta1_sweden_killstreak	6	11	6	0	b61
tornado_ids_de_assta1_sweden_killstreak	10	4	2	0	aim_9l
tornado_ids_de_assta3_sle	2	3	10	0	aim_9li
tornado_ids_de_assta3_sle	3	5	9	0	mk83_slot3
tornado_ids_de_assta3_sle	4	7	8	0	brimstone_dm_slot4
tornado_ids_de_assta3_sle	5	9	7	0	brimstone_dm_slot5
tornado_ids_de_assta3_sle	6	11	6	0	mk83_slot6
tornado_ids_de_assta3_sle	7	10	5	0	brimstone_dm_slot7
tornado_ids_de_assta3_sle	8	8	4	0	litening_pod
tornado_ids_de_assta3_sle	9	6	3	0	mk83_slot9
tornado_ids_de_assta3_sle	10	4	2	0	aim_9li
tornado_ids_de_mfg	2	3	10	0	aim_9l
tornado_ids_de_mfg	3	5	9	0	1000lbs_mk83
tornado_ids_de_mfg	4	7	8	0	1000lbs_mk83
tornado_ids_de_mfg	5	9	7	0	1000lbs_mk83
tornado_ids_de_mfg	6	11	6	0	1000lbs_mk83_fuse_centr
tornado_ids_de_mfg	7	10	5	0	1000lbs_mk83
tornado_ids_de_mfg	8	8	4	0	1000lbs_mk83
tornado_ids_de_mfg	9	6	3	0	1000lbs_mk83
tornado_ids_de_mfg	10	4	2	0	aim_9l
tornado_ids_de_wtd61	2	3	10	0	aim_9l
tornado_ids_de_wtd61	3	5	9	0	1000lbs_mk83
tornado_ids_de_wtd61	4	7	8	0	1000lbs_mk83
tornado_ids_de_wtd61	5	9	7	0	1000lbs_mk83
tornado_ids_de_wtd61	6	11	6	0	1000lbs_mk83_fuse_centr
tornado_ids_de_wtd61	7	10	5	0	1000lbs_mk83
tornado_ids_de_wtd61	8	8	4	0	1000lbs_mk83
tornado_ids_de_wtd61	9	6	3	0	1000lbs_mk83
tornado_ids_de_wtd61	10	4	2	0	aim_9l
tornado_ids_it	2	3	10	0	aim_9l
tornado_ids_it	3	5	9	0	500lbs_mk82
tornado_ids_it	4	7	8	0	500lbs_mk82
tornado_ids_it	5	9	7	0	500lbs_mk82
tornado_ids_it	6	11	6	0	500lbs_mk82_fuse_centr
tornado_ids_it	7	10	5	0	500lbs_mk82
tornado_ids_it	8	8	4	0	500lbs_mk82
tornado_ids_it	9	6	3	0	500lbs_mk82
tornado_ids_it	10	4	2	0	aim_9l
tornado_ids_it_mod95	2	3	10	0	aim_9l
tornado_ids_it_mod95	3	5	9	0	500lbs_mk82
tornado_ids_it_mod95	4	7	8	0	pdlct_s_pod
tornado_ids_it_mod95	5	9	7	0	500lbs_mk82
tornado_ids_it_mod95	6	11	6	0	500lbs_mk82_fuse_centr
tornado_ids_it_mod95	7	10	5	0	500lbs_mk82
tornado_ids_it_mod95	8	8	4	0	500lbs_mk82
tornado_ids_it_mod95	9	6	3	0	500lbs_mk82
tornado_ids_it_mod95	10	4	2	0	aim_9l
tornado_ids_it_ret8	2	3	10	0	aim_9l_slot2
tornado_ids_it_ret8	3	5	9	0	500lbs_mk82_slot3
tornado_ids_it_ret8	4	7	8	0	500lbs_mk82_slot4
tornado_ids_it_ret8	5	9	7	0	500lbs_mk82_slot5
tornado_ids_it_ret8	6	11	6	0	500lbs_mk82_slot6
tornado_ids_it_ret8	7	10	5	0	500lbs_mk82_slot7
tornado_ids_it_ret8	8	8	4	0	litening_pod_slot8
tornado_ids_it_ret8	9	6	3	0	500lbs_mk82_slot9
tornado_ids_it_ret8	10	4	2	0	aim_9l_slot10
tu_95m	1	1	6	0	fab_250_x6
tu-1	1	1	7	0	fab250_external
tu-1	2	3	6	0	fab250_x2
tu-1	3	2	5	0	fab250_external
tu-2	1	1	7	0	fab250_external
tu-2	2	3	6	0	fab100_internal
tu-2	3	2	5	0	fab250_external
tu-2_early	1	1	8	0	rbs_132_slot1
tu-2_early	2	3	7	0	fab250_external
tu-2_early	3	5	6	0	fab100_internal
tu-2_early	4	4	5	0	fab250_external
tu-2_early	5	2	4	0	rbs_132_slot5
tu-2_postwar	1	1	7	0	fab250_external
tu-2_postwar	2	3	6	0	fab100_internal
tu-2_postwar	3	2	5	0	fab250_external
tu-2_postwar_china	1	1	7	0	fab250_external
tu-2_postwar_china	2	3	6	0	fab100_internal
tu-2_postwar_china	3	2	5	0	fab250_external
tu-2_postwar_late	1	1	7	0	fab250_external
tu-2_postwar_late	2	3	6	0	fab100_internal
tu-2_postwar_late	3	2	5	0	fab250_external
tu-2_postwar_late_hungary	1	1	7	0	fab250_external
tu-2_postwar_late_hungary	2	3	6	0	fab100_internal
tu-2_postwar_late_hungary	3	2	5	0	fab250_external
ucav_orion	1	1	7	0	kornet
ucav_orion	2	2	5	0	kornet
ucav_orion_killstreak	1	1	7	0	kornet
ucav_orion_killstreak	2	2	5	0	kornet
ucav_wing_loong_i	1	1	7	0	akd_9
ucav_wing_loong_i	2	2	5	0	akd_9
ucav_wing_loong_i_killstreak	1	1	7	0	akd_9
ucav_wing_loong_i_killstreak	2	2	5	0	akd_9
v_156_b1	1	1	7	0	250lb_slot1
v_156_b1	2	3	6	0	250lb_slot2
v_156_b1	3	2	5	0	250lb_slot3
wirraway	1	1	8	0	250lb
wirraway	2	3	7	0	250lb
wirraway	3	4	5	0	250lb
wirraway	4	2	4	0	250lb
wm_21	1	1	6	0	de_sd10a_slot1
wyvern_s4	1	1	11	0	25lbs_8
wyvern_s4	2	3	10	0	25lbs_8
wyvern_s4	3	5	9	0	25lbs_8
wyvern_s4	4	7	8	0	25lbs_8
wyvern_s4	5	9	7	0	red_angel
wyvern_s4	6	11	6	0	500lbs
wyvern_s4	7	10	5	0	red_angel
wyvern_s4	8	8	4	0	25lbs_8
wyvern_s4	9	6	3	0	25lbs_8
wyvern_s4	10	4	2	0	25lbs_8
wyvern_s4	11	2	1	0	25lbs_8
xa_38	1	1	8	0	100lb
xa_38	2	3	7	0	100lb
xa_38	3	4	5	0	100lb
xa_38	4	2	4	0	100lb
xf5u_1	1	1	7	0	500lb
xf5u_1	2	2	5	0	500lb
yak_130_early	2	3	8	0	s_8ko_slot2
yak_130_early	3	5	7	0	s_8ko_slot3
yak_130_early	4	6	5	0	s_8ko_slot4
yak_130_early	5	4	4	0	s_8ko_slot5
yak_141	1	1	8	0	default_r60m
yak_141	2	3	7	0	r60m
yak_141	4	4	5	0	r60m
yak_141	5	2	4	0	default_r60m
yak-38	1	1	8	0	r60_default
yak-38	2	3	7	0	r60_2
yak-38	3	4	5	0	r60_2
yak-38	4	2	4	0	r60_default
yak-38m	1	1	8	0	r60_default
yak-38m	2	3	7	0	r60_2
yak-38m	3	4	5	0	r60_2
yak-38m	4	2	4	0	r60_default
z_1007_bis_serie3	1	1	8	0	gp50_x3_slot1
z_1007_bis_serie3	2	7	7	0	gp50_x6_slot2
z_1007_bis_serie3	3	4	5	0	gp50_x3_slot3
z_1007_bis_serie3	4	2	4	0	gp50_x3_slot4
z_1007_bis_serie5	1	1	8	0	gp50_x3_slot1
z_1007_bis_serie5	2	3	7	0	gp50_x6_slot2
z_1007_bis_serie5	3	4	5	0	gp50_x3_slot3
z_1007_bis_serie5	4	2	4	0	gp50_x3_slot4
